Name of the Organization,Salary Per Annum (Rs. In Lakhs),ECE,CSE,EEE,IT,MECH,PROD,CIVIL,CHEM,BIO- TECH,MCA,MTech/ CSE,M.E/ ECE,M.E/ EEE,"M.E/
Cad/Cam",ME/ CIVIL,MBA,TOTAL,Year,ME / VLSI,ME/ THERMAL,MTech/ CNIS,ME/ Stru
AISHWARYA TELECOM,1.8,2.0,0.0,0.0,0.0,0.0,0.0,0.0,0.0,0.0,0.0,0.0,0.0,0.0,0.0,0.0,0.0,2,10,,,,
CORDYS,3.5,1.0,0.0,0.0,0.0,0.0,0.0,0.0,0.0,0.0,2.0,0.0,0.0,0.0,0.0,0.0,0.0,3,10,,,,
AWAYA,4.0,1.0,0.0,1.0,1.0,0.0,0.0,0.0,0.0,0.0,0.0,0.0,0.0,0.0,0.0,0.0,0.0,3,10,,,,
VINISOFT,1.44,0.0,0.0,0.0,0.0,0.0,0.0,3.0,0.0,0.0,0.0,0.0,0.0,0.0,0.0,0.0,0.0,3,10,,,,
HONEYWELL,3.25,0.0,2.0,3.0,0.0,0.0,0.0,0.0,0.0,0.0,0.0,0.0,0.0,0.0,0.0,0.0,0.0,5,10,,,,
VALUE LABS,2.0,0.0,0.0,0.0,2.0,0.0,0.0,0.0,0.0,0.0,1.0,0.0,0.0,0.0,0.0,0.0,0.0,3,10,,,,
TATA ADVANCE SYSTEMS,3.2,0.0,0.0,0.0,0.0,2.0,0.0,0.0,0.0,0.0,0.0,0.0,0.0,0.0,0.0,0.0,0.0,2,10,,,,
POKARNA GRANITES,2.0,0.0,0.0,1.0,0.0,3.0,0.0,0.0,0.0,0.0,0.0,0.0,0.0,0.0,0.0,0.0,0.0,4,10,,,,
CAPITAL IQ,5.8,0.0,2.0,0.0,0.0,0.0,0.0,0.0,0.0,0.0,0.0,0.0,0.0,0.0,0.0,0.0,0.0,2,10,,,,
NALCO,1.8,0.0,0.0,0.0,0.0,0.0,0.0,0.0,2.0,0.0,0.0,0.0,0.0,0.0,0.0,0.0,0.0,2,10,,,,
BIRLA SOFT,2.0,0.0,2.0,0.0,2.0,0.0,0.0,0.0,0.0,0.0,5.0,0.0,0.0,0.0,0.0,0.0,0.0,9,10,,,,
ZETA INTERACTIVE,2.16,0.0,0.0,0.0,0.0,0.0,0.0,0.0,0.0,0.0,1.0,0.0,0.0,0.0,0.0,0.0,0.0,1,10,,,,
"NOKIA SIEMENS
NETWORKS - GET PROGRAM",3.15,1.0,0.0,0.0,0.0,0.0,0.0,0.0,0.0,0.0,0.0,0.0,0.0,0.0,0.0,0.0,0.0,1,10,,,,
ZETA INTERACTIVE,2.16,0.0,0.0,0.0,0.0,0.0,0.0,0.0,0.0,0.0,0.0,0.0,0.0,0.0,0.0,0.0,2.0,2,10,,,,
REVIVAL SOFT GROUP,1.8,0.0,1.0,0.0,1.0,0.0,0.0,0.0,0.0,0.0,0.0,0.0,0.0,0.0,0.0,0.0,3.0,5,10,,,,
"LEAP LOYALITY
SOLUTIONS",2.46,0.0,0.0,0.0,0.0,0.0,0.0,0.0,0.0,0.0,0.0,0.0,0.0,0.0,0.0,0.0,4.0,4,10,,,,
"DALMIA CEMENTS
(BHARAT) LTD.",2.8,1.0,0.0,0.0,0.0,0.0,0.0,0.0,1.0,0.0,0.0,0.0,0.0,0.0,0.0,0.0,0.0,2,10,,,,
"PRITHVI INFORMATION
SOLUTIONS LTD.",2.5,0.0,5.0,0.0,8.0,0.0,0.0,0.0,0.0,0.0,2.0,0.0,0.0,0.0,0.0,0.0,0.0,15,10,,,,
MAQ SOFTWARE,3.25,0.0,7.0,0.0,4.0,0.0,0.0,0.0,0.0,0.0,2.0,0.0,0.0,0.0,0.0,0.0,0.0,13,10,,,,
CTS,3.1,39.0,41.0,18.0,20.0,21.0,8.0,8.0,7.0,19.0,10.0,1.0,2.0,1.0,2.0,0.0,0.0,197,10,,,,
DELOITTE,4.25,13.0,8.0,0.0,5.0,0.0,0.0,0.0,0.0,0.0,1.0,0.0,0.0,0.0,0.0,0.0,0.0,27,10,,,,
INFOSYS,3.25,24.0,15.0,5.0,8.0,3.0,8.0,1.0,5.0,6.0,3.0,0.0,0.0,0.0,0.0,0.0,0.0,78,10,,,,
MEDHA SERVO DRIVE,2.4,2.0,0.0,0.0,0.0,0.0,0.0,0.0,0.0,0.0,0.0,0.0,0.0,0.0,0.0,0.0,0.0,2,10,,,,
INTERGRAPH,3.0,0.0,0.0,1.0,0.0,0.0,0.0,1.0,0.0,0.0,0.0,0.0,0.0,0.0,0.0,0.0,0.0,2,10,,,,
L & T (ECC),2.7,0.0,0.0,1.0,0.0,1.0,0.0,17.0,0.0,0.0,0.0,0.0,0.0,0.0,0.0,2.0,0.0,21,10,,,,
"NAGARJUNA
CONSTRUCTION COMPANY LTD.",1.8,0.0,0.0,0.0,0.0,0.0,0.0,26.0,0.0,0.0,0.0,0.0,0.0,0.0,0.0,0.0,0.0,26,10,,,,
ROBERT BOSCHE,3.14,1.0,0.0,2.0,0.0,0.0,0.0,0.0,0.0,0.0,0.0,0.0,0.0,0.0,0.0,0.0,0.0,3,10,,,,
JK TYRE & INDUSTRIES LTD.,4.0,0.0,0.0,0.0,0.0,2.0,0.0,0.0,0.0,0.0,0.0,0.0,0.0,0.0,0.0,0.0,0.0,2,10,,,,
"CYBAGE EVOLVING
SOLUTIONS",2.4,4.0,4.0,2.0,3.0,0.0,0.0,0.0,0.0,0.0,0.0,0.0,0.0,0.0,0.0,0.0,0.0,13,10,,,,
ZENSAR,2.1,3.0,2.0,0.0,4.0,0.0,0.0,0.0,0.0,0.0,3.0,0.0,0.0,0.0,0.0,0.0,0.0,12,10,,,,
HUSYS CONSULTENCY,1.8,0.0,0.0,0.0,0.0,0.0,0.0,0.0,0.0,0.0,0.0,0.0,0.0,0.0,0.0,0.0,2.0,2,10,,,,
GVK POWER LTD.,2.0,0.0,0.0,0.0,0.0,1.0,0.0,0.0,0.0,0.0,0.0,0.0,0.0,0.0,0.0,0.0,0.0,1,10,,,,
CORDYS,3.5,0.0,0.0,0.0,0.0,0.0,0.0,0.0,0.0,0.0,2.0,0.0,0.0,0.0,0.0,0.0,0.0,2,10,,,,
IGATE,2.7,3.0,3.0,2.0,4.0,1.0,0.0,0.0,0.0,0.0,2.0,0.0,0.0,0.0,0.0,0.0,0.0,15,10,,,,
POKARNA GRANITES,2.0,0.0,0.0,1.0,0.0,2.0,1.0,0.0,0.0,0.0,0.0,0.0,0.0,0.0,0.0,0.0,0.0,4,10,,,,
AMAZON,10.0,0.0,4.0,0.0,1.0,0.0,0.0,0.0,0.0,0.0,0.0,0.0,0.0,0.0,0.0,0.0,0.0,5,10,,,,
ADP,3.65,4.0,3.0,0.0,0.0,0.0,0.0,0.0,0.0,0.0,0.0,0.0,0.0,0.0,0.0,0.0,0.0,7,10,,,,
GOOGLE,3.6,0.0,2.0,0.0,2.0,0.0,0.0,0.0,0.0,0.0,0.0,0.0,0.0,0.0,0.0,0.0,0.0,4,10,,,,
FMC TECHNOLOGIES INDIA PVT.LTD.,4.8,0.0,0.0,0.0,0.0,2.0,0.0,0.0,0.0,0.0,0.0,0.0,0.0,0.0,0.0,0.0,0.0,2,10,,,,
SOMA ENTERPRISES,1.8,0.0,0.0,0.0,0.0,0.0,0.0,4.0,0.0,0.0,0.0,0.0,0.0,0.0,0.0,0.0,0.0,4,10,,,,
JORD INTERNATIONAL PVT.LTD.,1.5,0.0,0.0,0.0,0.0,0.0,0.0,0.0,2.0,0.0,0.0,0.0,0.0,0.0,0.0,0.0,0.0,2,10,,,,
GODREJ,3.75,2.0,0.0,0.0,0.0,2.0,2.0,0.0,0.0,0.0,0.0,0.0,0.0,0.0,0.0,0.0,0.0,6,10,,,,
MAHINDRA & MAHINDRA,3.6,0.0,0.0,0.0,0.0,0.0,0.0,1.0,0.0,0.0,0.0,0.0,0.0,0.0,0.0,0.0,0.0,1,10,,,,
"HYUNDAI MOTOR INDIA
ENGINEERING (R & D)",2.88,0.0,0.0,0.0,0.0,0.0,0.0,0.0,0.0,0.0,0.0,0.0,0.0,0.0,6.0,0.0,0.0,6,10,,,,
SBI LIFE INSURANCE,2.5,0.0,0.0,0.0,0.0,0.0,0.0,0.0,0.0,0.0,0.0,0.0,0.0,0.0,0.0,0.0,4.0,4,10,,,,
MORGAN STANLEY,10.5,0.0,0.0,0.0,1.0,0.0,0.0,0.0,0.0,0.0,0.0,0.0,0.0,0.0,0.0,0.0,0.0,1,10,,,,
HSBC,4.0,3.0,1.0,0.0,0.0,0.0,0.0,0.0,0.0,0.0,0.0,0.0,0.0,0.0,0.0,0.0,0.0,4,10,,,,
ERICSSON,3.64,1.0,1.0,0.0,0.0,0.0,0.0,0.0,0.0,0.0,0.0,0.0,0.0,0.0,0.0,0.0,0.0,2,10,,,,
"EFCO MASCHINENBAU
INDIA PVT. LTD",1.8,0.0,0.0,0.0,0.0,0.0,1.0,0.0,0.0,0.0,0.0,0.0,0.0,0.0,0.0,0.0,0.0,1,10,,,,
BIRLA SOFT,2.5,4.0,4.0,0.0,2.0,0.0,0.0,0.0,0.0,0.0,2.0,0.0,0.0,0.0,0.0,0.0,0.0,12,10,,,,
"VERITY KNOWLEDGE
SOLUTIONS PVT.LTD.",3.0,0.0,7.0,0.0,0.0,0.0,0.0,0.0,0.0,0.0,0.0,0.0,0.0,0.0,0.0,0.0,0.0,7,10,,,,
VIRTUSA,3.0,1.0,4.0,0.0,4.0,0.0,0.0,0.0,0.0,0.0,3.0,0.0,0.0,0.0,0.0,0.0,0.0,12,10,,,,
CAPGEMINI,4.0,1.0,0.0,0.0,0.0,0.0,0.0,0.0,0.0,0.0,0.0,0.0,0.0,0.0,0.0,0.0,0.0,1,10,,,,
CMC,2.5,2.0,2.0,1.0,1.0,0.0,0.0,0.0,0.0,0.0,0.0,0.0,0.0,0.0,0.0,0.0,0.0,6,10,,,,
MICROSOFT,10.0,2.0,0.0,0.0,0.0,0.0,0.0,0.0,0.0,0.0,0.0,0.0,0.0,0.0,0.0,0.0,0.0,2,10,,,,
SONATA SOFTWARE LTD.,4.64,5.0,0.0,1.0,0.0,0.0,0.0,0.0,0.0,0.0,1.0,0.0,0.0,0.0,0.0,0.0,0.0,7,10,,,,
UBS,3.0,0.0,0.0,0.0,0.0,0.0,0.0,0.0,0.0,0.0,0.0,0.0,0.0,0.0,0.0,0.0,3.0,3,10,,,,
"E-MUG TECHNOLOGIES
PVT.LTD.",2.0,0.0,0.0,0.0,0.0,0.0,2.0,0.0,0.0,0.0,0.0,0.0,0.0,0.0,0.0,0.0,0.0,2,10,,,,
"DST WORLD WIDE
SERVICES",3.0,7.0,2.0,1.0,1.0,0.0,0.0,0.0,0.0,0.0,0.0,0.0,0.0,0.0,0.0,0.0,0.0,11,10,,,,
"MAHINDRA SATYAM (Off
Campus)",3.0,1.0,2.0,4.0,2.0,0.0,0.0,0.0,0.0,0.0,1.0,0.0,0.0,0.0,0.0,0.0,0.0,10,10,,,,
"HYUNDAI MOTOR INDIA
ENGINEERING (R & D)",2.5,0.0,0.0,0.0,0.0,7.0,5.0,0.0,0.0,0.0,0.0,0.0,0.0,0.0,0.0,0.0,0.0,12,10,,,,
"BHARAT ELECTRONICS
LIMITED",5.0,1.0,0.0,0.0,0.0,0.0,0.0,0.0,0.0,0.0,0.0,0.0,0.0,0.0,0.0,0.0,0.0,1,10,,,,
UNITED ONLINE,3.0,1.0,0.0,0.0,0.0,0.0,0.0,0.0,0.0,0.0,0.0,0.0,0.0,0.0,0.0,0.0,0.0,1,10,,,,
WIPRO (VLSI),0.0,7.0,0.0,0.0,0.0,0.0,0.0,0.0,0.0,0.0,0.0,0.0,0.0,0.0,0.0,0.0,0.0,7,10,,,,
TATA ADVANCE SYSTEMS,3.2,0.0,0.0,0.0,0.0,1.0,1.0,0.0,0.0,0.0,0.0,0.0,0.0,0.0,0.0,0.0,0.0,2,11,,,,
SABMILLER,3.0,0.0,0.0,0.0,0.0,1.0,0.0,0.0,0.0,0.0,0.0,0.0,0.0,0.0,0.0,0.0,0.0,1,11,,,,
MAHINDRA SATYAM,3.0,0.0,0.0,0.0,0.0,2.0,4.0,0.0,0.0,0.0,0.0,0.0,0.0,0.0,0.0,0.0,0.0,6,11,,,,
"GE - ES, INDIA (INTERNSHIP)",1.2,0.0,0.0,0.0,0.0,0.0,0.0,0.0,0.0,0.0,0.0,3.0,1.0,1.0,1.0,0.0,0.0,6,11,,,,
HYUNDAI MOTOR INDIA ENGINEERING (R & D),2.5,3.0,0.0,0.0,0.0,0.0,0.0,0.0,0.0,0.0,0.0,0.0,0.0,0.0,0.0,0.0,0.0,3,11,,,,
BONAVEN SOFTWARE PVT.LTD.,3.5,0.0,2.0,0.0,0.0,0.0,0.0,0.0,0.0,0.0,1.0,0.0,0.0,0.0,0.0,0.0,0.0,3,11,,,,
HEAD STRONG,4.5,0.0,2.0,1.0,0.0,0.0,0.0,0.0,0.0,0.0,1.0,0.0,0.0,0.0,0.0,0.0,0.0,4,11,,,,
JMC PROJECTS (INDIA) LTD.,2.88,0.0,0.0,0.0,0.0,0.0,0.0,2.0,0.0,0.0,0.0,0.0,0.0,0.0,0.0,0.0,0.0,2,11,,,,
BIO GENEX,3.0,0.0,0.0,1.0,0.0,1.0,0.0,0.0,0.0,0.0,0.0,0.0,0.0,0.0,0.0,0.0,0.0,2,11,,,,
NALCO,4.0,0.0,0.0,0.0,0.0,0.0,0.0,0.0,1.0,0.0,0.0,0.0,0.0,0.0,0.0,0.0,0.0,1,11,,,,
FACTSET FOR MBA,1.45,0.0,0.0,0.0,0.0,0.0,0.0,0.0,0.0,0.0,0.0,0.0,0.0,0.0,0.0,0.0,3.0,3,11,,,,
CAPITAL IQ,5.8,0.0,1.0,0.0,1.0,0.0,0.0,0.0,0.0,0.0,0.0,0.0,0.0,0.0,0.0,0.0,0.0,2,11,,,,
"GE - ES, INDIA (INTERNSHIP)",1.2,0.0,0.0,0.0,0.0,0.0,0.0,0.0,0.0,0.0,0.0,0.0,1.0,0.0,0.0,0.0,0.0,1,11,,,,
BSCPL,3.0,0.0,0.0,0.0,0.0,0.0,0.0,9.0,0.0,0.0,0.0,0.0,0.0,0.0,0.0,0.0,0.0,9,11,,,,
ITC,5.4,0.0,0.0,1.0,0.0,3.0,0.0,0.0,0.0,0.0,0.0,0.0,0.0,0.0,0.0,0.0,0.0,4,11,,,,
MAQ SOFTWARE,4.15,0.0,5.0,0.0,0.0,0.0,0.0,0.0,0.0,0.0,0.0,0.0,0.0,0.0,0.0,0.0,0.0,5,11,,,,
MAHINDRA SATYAM,3.5,0.0,0.0,1.0,0.0,0.0,2.0,0.0,0.0,0.0,0.0,0.0,0.0,0.0,1.0,0.0,0.0,4,11,,,,
SUBEX,4.5,0.0,1.0,0.0,0.0,0.0,0.0,0.0,0.0,0.0,0.0,0.0,0.0,0.0,0.0,0.0,0.0,1,11,,,,
FACTSET,6.0,1.0,2.0,0.0,1.0,0.0,0.0,0.0,0.0,0.0,0.0,0.0,0.0,0.0,0.0,0.0,0.0,4,11,,,,
L & T,4.2,0.0,0.0,1.0,0.0,4.0,0.0,10.0,0.0,0.0,0.0,0.0,0.0,0.0,0.0,0.0,0.0,15,11,,,,
MICROSOFT,8.5,0.0,7.0,0.0,1.0,0.0,0.0,0.0,0.0,0.0,0.0,0.0,0.0,0.0,0.0,0.0,0.0,8,11,,,,
BE BILLIMORIA CO.LTD.,3.25,0.0,0.0,0.0,0.0,0.0,0.0,4.0,0.0,0.0,0.0,0.0,0.0,0.0,0.0,0.0,0.0,4,11,,,,
MAHINDRA & MAHINDRA,4.32,0.0,0.0,0.0,0.0,2.0,5.0,0.0,0.0,0.0,0.0,0.0,0.0,0.0,0.0,0.0,0.0,7,11,,,,
CTS,3.25,84.0,83.0,30.0,32.0,33.0,26.0,23.0,20.0,31.0,12.0,5.0,4.0,2.0,1.0,0.0,0.0,386,11,,,,
INFOSYS,3.25,56.0,49.0,19.0,20.0,12.0,11.0,10.0,4.0,7.0,0.0,0.0,0.0,2.0,1.0,0.0,0.0,191,11,,,,
WIPRO,3.25,11.0,13.0,3.0,6.0,2.0,5.0,5.0,3.0,2.0,4.0,1.0,0.0,0.0,0.0,0.0,0.0,55,11,,,,
DELOITTE,4.5,9.0,8.0,1.0,6.0,0.0,0.0,0.0,0.0,0.0,0.0,0.0,0.0,0.0,0.0,0.0,0.0,24,11,,,,
HCL TECHNOLOGIES,3.5,3.0,12.0,4.0,5.0,0.0,0.0,0.0,0.0,0.0,0.0,0.0,0.0,0.0,0.0,0.0,0.0,24,11,,,,
CAPGEMINI,3.15,10.0,22.0,8.0,10.0,11.0,5.0,5.0,8.0,3.0,1.0,2.0,0.0,1.0,1.0,0.0,0.0,87,11,,,,
ADP,3.65,2.0,5.0,0.0,0.0,0.0,0.0,0.0,0.0,0.0,0.0,0.0,0.0,0.0,0.0,0.0,0.0,7,11,,,,
CYBAGE,3.0,1.0,3.0,0.0,2.0,0.0,0.0,0.0,0.0,0.0,0.0,0.0,0.0,0.0,0.0,0.0,0.0,6,11,,,,
HEAD STRONG,3.5,0.0,0.0,0.0,0.0,0.0,0.0,0.0,0.0,0.0,2.0,0.0,0.0,0.0,0.0,0.0,0.0,2,11,,,,
L & T METRO RAIL,3.3,0.0,0.0,1.0,0.0,2.0,0.0,0.0,0.0,0.0,0.0,0.0,0.0,0.0,0.0,0.0,0.0,3,11,,,,
IDEA CELLULAR LTD.,4.25,6.0,0.0,0.0,0.0,0.0,0.0,0.0,0.0,0.0,0.0,0.0,0.0,0.0,0.0,0.0,0.0,6,11,,,,
ACCENTURE (OFF CAMPUS),3.0,17.0,14.0,5.0,12.0,6.0,7.0,2.0,2.0,2.0,2.0,0.0,0.0,0.0,0.0,0.0,0.0,69,11,,,,
PATNI COMPUTERS,3.25,3.0,0.0,3.0,2.0,0.0,0.0,0.0,0.0,0.0,3.0,1.0,1.0,0.0,0.0,0.0,0.0,13,11,,,,
GODREJ BOYCE,3.0,1.0,0.0,2.0,0.0,1.0,1.0,0.0,0.0,0.0,0.0,0.0,0.0,0.0,0.0,0.0,0.0,5,11,,,,
SYNTEL INC,2.8,2.0,4.0,0.0,0.0,0.0,0.0,0.0,0.0,0.0,0.0,0.0,0.0,0.0,0.0,0.0,0.0,6,11,,,,
BANK OF AMERICA,3.0,6.0,4.0,4.0,0.0,0.0,0.0,0.0,0.0,0.0,0.0,0.0,0.0,0.0,0.0,0.0,0.0,14,11,,,,
FMC TECHNOLOGIES,5.1,0.0,0.0,0.0,0.0,2.0,0.0,0.0,0.0,0.0,0.0,0.0,0.0,0.0,0.0,0.0,0.0,2,11,,,,
SONATA SOFTWARE LTD.,4.6,2.0,5.0,0.0,0.0,0.0,0.0,0.0,0.0,0.0,0.0,0.0,0.0,0.0,0.0,0.0,0.0,7,11,,,,
INTERGRAPH,3.3,3.0,1.0,0.0,0.0,0.0,0.0,0.0,0.0,0.0,0.0,0.0,0.0,0.0,0.0,0.0,0.0,4,11,,,,
NAGARJUNA CONSTRUCTION COMPANY LIMITED,2.0,0.0,0.0,0.0,0.0,0.0,0.0,12.0,0.0,0.0,0.0,0.0,0.0,0.0,0.0,0.0,0.0,12,11,,,,
iGATE,2.7,2.0,4.0,1.0,2.0,2.0,2.0,0.0,0.0,0.0,1.0,0.0,0.0,0.0,0.0,0.0,0.0,14,11,,,,
KMC CONSTRUCTIONS LTD.,2.0,0.0,0.0,0.0,0.0,0.0,0.0,6.0,0.0,0.0,0.0,0.0,0.0,0.0,0.0,0.0,0.0,6,11,,,,
HSBC,4.0,0.0,0.0,0.0,0.0,1.0,0.0,0.0,0.0,0.0,0.0,0.0,0.0,0.0,0.0,0.0,0.0,1,11,,,,
ERICSSON,4.5,1.0,1.0,0.0,0.0,0.0,0.0,0.0,0.0,0.0,0.0,0.0,0.0,0.0,0.0,0.0,0.0,2,11,,,,
INFOTECH,2.7,0.0,0.0,0.0,0.0,0.0,0.0,0.0,0.0,0.0,0.0,0.0,1.0,0.0,0.0,0.0,0.0,1,11,,,,
L & T INFOTECH,3.25,0.0,0.0,0.0,0.0,0.0,0.0,0.0,0.0,0.0,1.0,1.0,0.0,0.0,0.0,0.0,0.0,2,11,,,,
QUEST GLOBAL,2.8,0.0,0.0,0.0,0.0,3.0,6.0,0.0,0.0,0.0,0.0,0.0,0.0,0.0,0.0,0.0,0.0,9,11,,,,
COMPUTER SCIENCE CORPORATION,3.5,0.0,2.0,0.0,3.0,0.0,0.0,0.0,0.0,0.0,1.0,0.0,0.0,0.0,0.0,0.0,0.0,6,11,,,,
VIRTUSA,3.0,1.0,0.0,0.0,0.0,0.0,0.0,0.0,0.0,0.0,2.0,0.0,0.0,0.0,0.0,0.0,0.0,3,11,,,,
SAP LABS,6.5,0.0,3.0,0.0,1.0,0.0,0.0,0.0,0.0,0.0,0.0,0.0,0.0,0.0,0.0,0.0,0.0,4,11,,,,
HYDERABAD INDUSTRIES LTD.,5.85,0.0,0.0,1.0,0.0,0.0,0.0,0.0,1.0,0.0,0.0,0.0,0.0,0.0,0.0,0.0,0.0,2,11,,,,
HYUNDAI MOTOR INDIA ENGINEERING (R & D),2.5,0.0,0.0,0.0,0.0,6.0,3.0,0.0,0.0,0.0,0.0,0.0,0.0,0.0,1.0,0.0,0.0,10,11,,,,
BGR ENERGY,3.0,0.0,0.0,0.0,0.0,0.0,0.0,0.0,0.0,0.0,0.0,0.0,0.0,0.0,0.0,2.0,0.0,2,11,,,,
SIEMENS LTD.,4.25,3.0,0.0,2.0,0.0,0.0,0.0,0.0,0.0,0.0,0.0,0.0,0.0,0.0,0.0,0.0,0.0,5,11,,,,
COCUBES,0.0,0.0,0.0,0.0,0.0,0.0,0.0,0.0,0.0,0.0,0.0,0.0,0.0,0.0,0.0,0.0,1.0,1,11,,,,
INDIAN OIL TANKING,3.15,0.0,0.0,0.0,0.0,0.0,5.0,3.0,5.0,0.0,0.0,0.0,0.0,0.0,0.0,0.0,0.0,13,11,,,,
PIAGGIO VEHICLES PVT. LTD.,3.5,0.0,0.0,0.0,0.0,1.0,0.0,0.0,0.0,0.0,0.0,0.0,0.0,0.0,0.0,0.0,0.0,1,11,,,,
RAMKY,2.4,0.0,0.0,0.0,0.0,0.0,0.0,0.0,4.0,0.0,0.0,0.0,0.0,0.0,0.0,0.0,0.0,4,11,,,,
DUPONT SERVICES CENTRE,3.5,0.0,0.0,0.0,0.0,0.0,0.0,0.0,0.0,0.0,0.0,0.0,0.0,0.0,0.0,0.0,1.0,1,11,,,,
MARKET TOOLS REASEARCH PVT. LTD.,2.5,0.0,0.0,0.0,0.0,0.0,0.0,0.0,0.0,0.0,0.0,0.0,0.0,0.0,0.0,0.0,3.0,3,11,,,,
IBM (INTERNSHIP),3.0,0.0,0.0,0.0,0.0,0.0,0.0,0.0,0.0,0.0,0.0,2.0,0.0,0.0,0.0,0.0,0.0,2,12,,,,
"GE - ES, INDIA (INTERNSHIP)",2.0,0.0,0.0,0.0,0.0,0.0,0.0,0.0,0.0,0.0,0.0,1.0,0.0,0.0,0.0,0.0,0.0,1,12,,,,
MICROSOFT (FTE),10.2,0.0,4.0,0.0,1.0,0.0,0.0,0.0,0.0,0.0,0.0,0.0,0.0,0.0,0.0,0.0,0.0,5,12,,,,
MICROSOFT (INTERNSHIP),3.0,0.0,0.0,0.0,1.0,0.0,0.0,0.0,0.0,0.0,0.0,0.0,0.0,0.0,0.0,0.0,0.0,1,12,,,,
GOOGLE,2.8,0.0,2.0,0.0,0.0,0.0,0.0,0.0,0.0,0.0,0.0,0.0,0.0,0.0,0.0,0.0,0.0,2,12,,,,
JP MORGAN CHASE,6.5,0.0,1.0,0.0,8.0,0.0,0.0,0.0,0.0,0.0,0.0,0.0,0.0,0.0,0.0,0.0,0.0,9,12,,,,
CTS,3.35,76.0,79.0,34.0,35.0,37.0,25.0,28.0,35.0,24.0,21.0,5.0,7.0,3.0,1.0,0.0,0.0,410,12,,,,
INFOSYS,3.25,41.0,44.0,16.0,18.0,24.0,14.0,14.0,7.0,13.0,4.0,0.0,0.0,0.0,1.0,0.0,0.0,196,12,,,,
CAPITAL IQ,5.8,0.0,1.0,0.0,0.0,0.0,0.0,0.0,0.0,0.0,0.0,0.0,0.0,0.0,0.0,0.0,0.0,1,12,,,,
WIPRO,3.25,53.0,41.0,16.0,10.0,11.0,16.0,16.0,14.0,11.0,6.0,1.0,6.0,2.0,2.0,0.0,0.0,205,12,,,,
ACCENTURE,3.0,9.0,7.0,0.0,9.0,6.0,3.0,3.0,1.0,5.0,1.0,0.0,0.0,0.0,0.0,0.0,0.0,44,12,,,,
CAPGEMINI,3.05,4.0,9.0,6.0,4.0,5.0,0.0,1.0,5.0,1.0,1.0,0.0,0.0,1.0,0.0,0.0,0.0,37,12,,,,
MAQ,4.15,0.0,4.0,0.0,1.0,0.0,0.0,0.0,0.0,0.0,0.0,0.0,0.0,0.0,0.0,0.0,0.0,5,12,,,,
CSC,3.3,4.0,5.0,0.0,4.0,0.0,0.0,0.0,0.0,0.0,2.0,0.0,0.0,0.0,0.0,0.0,0.0,15,12,,,,
CYBAGE,3.0,2.0,1.0,0.0,3.0,0.0,0.0,0.0,0.0,0.0,0.0,0.0,0.0,0.0,0.0,0.0,0.0,6,12,,,,
DELOITTE,4.65,4.0,2.0,4.0,2.0,0.0,0.0,0.0,0.0,0.0,0.0,0.0,0.0,0.0,0.0,0.0,0.0,12,12,,,,
INFOTECH,3.0,0.0,0.0,1.0,0.0,0.0,1.0,0.0,0.0,0.0,0.0,0.0,0.0,0.0,0.0,0.0,0.0,2,12,,,,
INTERGRAPH,3.5,1.0,4.0,1.0,0.0,0.0,0.0,0.0,0.0,0.0,0.0,0.0,0.0,0.0,0.0,0.0,0.0,6,12,,,,
FMC TECHNOLOGIES,5.8,0.0,0.0,0.0,0.0,1.0,0.0,0.0,0.0,0.0,0.0,0.0,0.0,0.0,0.0,0.0,0.0,1,12,,,,
ITC LTD,5.6,0.0,0.0,1.0,0.0,1.0,0.0,0.0,0.0,0.0,0.0,0.0,0.0,0.0,0.0,0.0,0.0,2,12,,,,
PEGA SYSTEMS,6.0,4.0,3.0,0.0,4.0,0.0,0.0,0.0,0.0,0.0,0.0,0.0,0.0,0.0,0.0,0.0,0.0,11,12,,,,
iGATE,2.7,3.0,1.0,0.0,0.0,1.0,1.0,0.0,0.0,0.0,0.0,0.0,0.0,0.0,0.0,0.0,0.0,6,12,,,,
"MEGHA ENGINEERING &
INFRASTRUCTURES LTD.",1.44,0.0,0.0,0.0,0.0,0.0,0.0,8.0,0.0,0.0,0.0,0.0,0.0,0.0,0.0,0.0,0.0,8,12,,,,
GMR,3.5,0.0,0.0,1.0,1.0,0.0,0.0,0.0,0.0,0.0,0.0,0.0,0.0,0.0,0.0,0.0,0.0,2,12,,,,
L& T (ECC) LTD,4.5,0.0,0.0,2.0,0.0,7.0,0.0,10.0,0.0,0.0,0.0,0.0,0.0,0.0,0.0,0.0,0.0,19,12,,,,
ADP,3.65,1.0,3.0,1.0,0.0,0.0,0.0,0.0,0.0,0.0,0.0,0.0,0.0,0.0,0.0,0.0,0.0,5,12,,,,
BAJAJ FINANCE SERVICE LTD,2.25,0.0,0.0,0.0,0.0,0.0,0.0,0.0,0.0,0.0,0.0,0.0,0.0,0.0,0.0,0.0,4.0,4,12,,,,
ICICI SECURITIES,2.25,0.0,0.0,0.0,0.0,0.0,0.0,0.0,0.0,0.0,0.0,0.0,0.0,0.0,0.0,0.0,7.0,7,12,,,,
L & T IES,2.4,5.0,0.0,1.0,0.0,4.0,5.0,0.0,0.0,0.0,0.0,0.0,0.0,0.0,0.0,0.0,0.0,15,12,,,,
MAHINDRA & MAHINDRA,6.0,0.0,0.0,0.0,0.0,0.0,0.0,0.0,0.0,0.0,0.0,0.0,0.0,0.0,1.0,0.0,0.0,1,12,,,,
AAS TECHNOLOGIES,1.8,0.0,0.0,0.0,0.0,0.0,0.0,0.0,0.0,0.0,3.0,0.0,2.0,1.0,1.0,0.0,7.0,14,12,,,,
NETRIPPLES,3.44,0.0,0.0,0.0,0.0,0.0,0.0,0.0,0.0,0.0,0.0,0.0,0.0,0.0,0.0,0.0,15.0,15,12,,,,
KARUR VYSYA BANK,4.5,0.0,0.0,0.0,0.0,0.0,0.0,0.0,0.0,1.0,0.0,0.0,0.0,0.0,0.0,0.0,1.0,2,12,,,,
TATA ADVANCED SYSTEMS,3.0,0.0,0.0,0.0,0.0,2.0,1.0,0.0,0.0,0.0,0.0,0.0,0.0,0.0,0.0,0.0,0.0,3,12,,,,
"CII-Sohrabji Godrej Green Business
Centre",2.5,0.0,0.0,0.0,0.0,0.0,0.0,2.0,0.0,0.0,0.0,0.0,0.0,0.0,0.0,0.0,0.0,2,12,,,,
SYNTEL INC,2.8,0.0,0.0,0.0,0.0,0.0,0.0,0.0,0.0,0.0,1.0,0.0,0.0,0.0,0.0,0.0,0.0,1,12,,,,
IGATE PATNI,2.7,1.0,0.0,0.0,2.0,0.0,1.0,0.0,0.0,0.0,1.0,0.0,0.0,0.0,0.0,0.0,0.0,5,12,,,,
PIAGGIO,2.4,0.0,0.0,0.0,0.0,2.0,1.0,0.0,0.0,0.0,0.0,0.0,0.0,0.0,0.0,0.0,0.0,3,12,,,,
HDFC STANDARD LIFE INSURANCE,2.0,0.0,0.0,0.0,0.0,0.0,0.0,0.0,0.0,0.0,0.0,0.0,0.0,0.0,0.0,0.0,3.0,3,12,,,,
HUSYS,1.6,0.0,0.0,0.0,0.0,0.0,0.0,0.0,0.0,0.0,0.0,0.0,0.0,0.0,0.0,0.0,2.0,2,12,,,,
BHARATH ELECTRONICS LIMITED,6.0,1.0,0.0,0.0,0.0,0.0,0.0,0.0,0.0,0.0,0.0,0.0,0.0,0.0,0.0,0.0,0.0,1,12,,,,
HYDERABAD INDUSTRIES LTD,5.6,0.0,0.0,0.0,0.0,2.0,0.0,0.0,1.0,0.0,0.0,0.0,0.0,0.0,0.0,0.0,0.0,3,12,,,,
BANK OF AMERICA,3.0,1.0,2.0,1.0,1.0,0.0,0.0,0.0,0.0,0.0,0.0,0.0,0.0,0.0,0.0,0.0,0.0,5,12,,,,
ANAND AUTOMOTIVE LTD,4.15,0.0,0.0,0.0,0.0,1.0,0.0,0.0,0.0,0.0,0.0,0.0,0.0,0.0,0.0,0.0,0.0,1,12,,,,
WELLS FARGO,5.0,7.0,7.0,1.0,3.0,1.0,0.0,0.0,2.0,0.0,0.0,0.0,0.0,0.0,0.0,0.0,0.0,21,12,,,,
IBM TECH SUPPORT,3.25,0.0,0.0,0.0,0.0,0.0,1.0,0.0,0.0,0.0,0.0,0.0,0.0,0.0,0.0,0.0,0.0,1,12,,,,
AMAZON,4.2,0.0,2.0,0.0,0.0,0.0,0.0,0.0,0.0,0.0,0.0,0.0,0.0,0.0,0.0,0.0,0.0,2,12,,,,
IDEA CELLULAR,4.25,4.0,0.0,0.0,0.0,0.0,0.0,0.0,0.0,0.0,0.0,0.0,0.0,0.0,0.0,0.0,0.0,4,12,,,,
CSC FOR MBA-FINANCE,3.2,0.0,0.0,0.0,0.0,0.0,0.0,0.0,0.0,0.0,0.0,0.0,0.0,0.0,0.0,0.0,2.0,2,12,,,,
FL SMIDTH PVT LTD,4.5,0.0,0.0,0.0,0.0,0.0,0.0,0.0,0.0,0.0,0.0,0.0,0.0,0.0,0.0,1.0,0.0,1,12,,,,
ASAIN PAINTS,5.0,0.0,0.0,0.0,0.0,1.0,0.0,0.0,0.0,0.0,0.0,0.0,0.0,0.0,0.0,0.0,0.0,1,12,,,,
CSC FOR MBA - FINANCE,3.2,0.0,0.0,0.0,0.0,0.0,0.0,0.0,0.0,0.0,0.0,0.0,0.0,0.0,0.0,0.0,1.0,1,12,,,,
CADEPLOY,1.2,0.0,0.0,0.0,0.0,1.0,2.0,2.0,0.0,0.0,0.0,0.0,0.0,0.0,0.0,0.0,0.0,5,12,,,,
24x7 HEADHUNTING,1.8,0.0,2.0,0.0,0.0,0.0,0.0,0.0,0.0,0.0,2.0,0.0,0.0,0.0,0.0,0.0,6.0,10,12,,,,
HINDUSTAN UNILEVER,5.3,0.0,0.0,0.0,0.0,0.0,1.0,0.0,0.0,0.0,0.0,0.0,0.0,0.0,0.0,0.0,0.0,1,12,,,,
SMS COUNTRY,1.2,0.0,0.0,0.0,0.0,0.0,0.0,0.0,0.0,0.0,1.0,0.0,0.0,0.0,0.0,0.0,0.0,1,12,,,,
IDEAL INDUSTRIAL EXPLOSIVE LTD.,1.2,0.0,0.0,0.0,0.0,0.0,0.0,0.0,3.0,0.0,0.0,0.0,0.0,0.0,0.0,0.0,0.0,3,12,,,,
ORACLE (INTERNSHIP),1.44,0.0,0.0,0.0,0.0,0.0,0.0,0.0,0.0,0.0,0.0,1.0,0.0,0.0,0.0,0.0,0.0,1,13,,,,
ROBERT BOSCH,3.5,13.0,0.0,7.0,0.0,0.0,0.0,0.0,0.0,0.0,0.0,0.0,0.0,0.0,0.0,0.0,0.0,20,13,,,,
MAHINDRA & MAHINDRA,5.1,0.0,0.0,0.0,0.0,5.0,1.0,0.0,0.0,0.0,0.0,0.0,0.0,0.0,0.0,0.0,0.0,6,13,,,,
GOOGLE,5.7,0.0,1.0,0.0,0.0,1.0,0.0,0.0,0.0,0.0,0.0,0.0,0.0,0.0,0.0,0.0,0.0,2,13,,,,
ITCLTD,5.6,0.0,0.0,0.0,0.0,2.0,1.0,0.0,0.0,0.0,0.0,0.0,0.0,0.0,0.0,0.0,0.0,3,13,,,,
DELOITTE,4.6,4.0,13.0,2.0,6.0,0.0,0.0,0.0,0.0,0.0,2.0,0.0,0.0,0.0,0.0,0.0,0.0,27,13,,,,
GE HOME AND BUSINESS SOLUTIONS(INTERNSHIP),1.8,0.0,0.0,0.0,0.0,0.0,0.0,0.0,0.0,0.0,0.0,1.0,1.0,0.0,0.0,0.0,0.0,2,13,,,,
MICROSOFT (MSIT),10.5,0.0,2.0,0.0,0.0,0.0,0.0,0.0,0.0,0.0,0.0,0.0,0.0,0.0,0.0,0.0,0.0,2,13,,,,
MICROSOFT (INTERNSHIP),3.0,0.0,3.0,0.0,1.0,0.0,0.0,0.0,0.0,0.0,0.0,0.0,0.0,0.0,0.0,0.0,0.0,4,13,,,,
JP MORGAN CHASE,5.0,0.0,4.0,0.0,3.0,0.0,0.0,0.0,0.0,0.0,0.0,0.0,0.0,0.0,0.0,0.0,0.0,7,13,,,,
COGNIZANT,3.35,50.0,54.0,18.0,21.0,17.0,21.0,14.0,20.0,15.0,13.0,5.0,2.0,2.0,0.0,0.0,0.0,252,13,,,,
FMC TECHNOLOGIES,6.0,0.0,0.0,0.0,0.0,0.0,2.0,0.0,0.0,0.0,0.0,0.0,0.0,0.0,0.0,0.0,0.0,2,13,,,,
INFOSYS,3.25,30.0,18.0,7.0,5.0,9.0,9.0,4.0,4.0,9.0,2.0,0.0,1.0,0.0,0.0,0.0,0.0,98,13,,,,
WIPRO,3.25,45.0,39.0,17.0,10.0,10.0,1.0,6.0,8.0,6.0,6.0,0.0,0.0,0.0,0.0,0.0,0.0,148,13,,,,
GE-ENERGY (INTERNSHIP),2.4,0.0,0.0,0.0,0.0,0.0,0.0,0.0,0.0,0.0,0.0,2.0,1.0,0.0,0.0,0.0,0.0,3,13,,,,
CAPGEMINI,3.05,4.0,9.0,1.0,1.0,2.0,6.0,4.0,3.0,2.0,1.0,1.0,0.0,0.0,0.0,0.0,0.0,34,13,,,,
CAPITAL IQ,5.0,0.0,6.0,0.0,0.0,0.0,0.0,0.0,0.0,0.0,0.0,0.0,0.0,0.0,0.0,0.0,0.0,6,13,,,,
CADEPLOY,1.2,0.0,0.0,0.0,0.0,0.0,0.0,5.0,0.0,0.0,0.0,0.0,0.0,0.0,0.0,0.0,0.0,5,13,,,,
NET. ORANGE TECHNOLOGIES PVT LTD,4.0,0.0,3.0,0.0,0.0,0.0,0.0,0.0,0.0,0.0,0.0,0.0,0.0,0.0,0.0,0.0,0.0,3,13,,,,
HCL TECHNOLOGIES,3.5,2.0,3.0,0.0,6.0,0.0,0.0,0.0,0.0,0.0,1.0,0.0,0.0,0.0,0.0,0.0,0.0,12,13,,,,
DELL,3.0,0.0,5.0,0.0,3.0,0.0,0.0,0.0,0.0,0.0,0.0,0.0,0.0,0.0,0.0,0.0,0.0,8,13,,,,
INTERGRAPH,3.5,1.0,1.0,0.0,1.0,2.0,1.0,1.0,0.0,0.0,0.0,0.0,0.0,0.0,0.0,0.0,0.0,7,13,,,,
csc,3.27,3.0,5.0,0.0,8.0,0.0,0.0,0.0,0.0,0.0,0.0,0.0,0.0,0.0,0.0,0.0,0.0,16,13,,,,
DELL ENGINEERING SERVICESES,3.0,0.0,0.0,0.0,0.0,3.0,2.0,0.0,0.0,0.0,0.0,0.0,0.0,0.0,0.0,0.0,0.0,5,13,,,,
VERIZON,3.5,1.0,1.0,0.0,1.0,0.0,0.0,0.0,0.0,0.0,0.0,0.0,0.0,0.0,0.0,0.0,0.0,3,13,,,,
CA TECHNOLOGIES,5.0,2.0,2.0,1.0,1.0,0.0,0.0,0.0,0.0,0.0,1.0,0.0,0.0,0.0,0.0,0.0,0.0,7,13,,,,
DELOITTE (DSA),4.64,0.0,0.0,0.0,0.0,0.0,0.0,0.0,0.0,0.0,2.0,0.0,0.0,0.0,0.0,0.0,0.0,2,13,,,,
LIC - LIFE PLUS,1.8,4.0,2.0,2.0,6.0,1.0,2.0,4.0,8.0,3.0,9.0,1.0,5.0,2.0,0.0,0.0,33.0,82,13,,,,
L & T CONSTRUCTION,4.5,0.0,0.0,4.0,0.0,3.0,0.0,9.0,0.0,0.0,0.0,0.0,0.0,0.0,0.0,0.0,0.0,16,13,,,,
ORIENT CEMENTS LTD.,3.75,0.0,0.0,1.0,0.0,2.0,0.0,4.0,4.0,0.0,0.0,0.0,0.0,0.0,0.0,0.0,0.0,11,13,,,,
UNITED SPIRITS,4.5,0.0,0.0,0.0,0.0,0.0,1.0,0.0,2.0,0.0,0.0,0.0,0.0,0.0,0.0,0.0,0.0,3,13,,,,
PEGA SYSTEMS,7.0,0.0,0.0,0.0,1.0,0.0,0.0,0.0,0.0,0.0,0.0,0.0,0.0,0.0,0.0,0.0,0.0,1,13,,,,
BRITISH PAINTS,2.75,0.0,0.0,0.0,0.0,0.0,0.0,0.0,1.0,0.0,0.0,0.0,0.0,0.0,0.0,0.0,0.0,1,13,,,,
BANK OF AMERICA,3.5,5.0,5.0,1.0,1.0,0.0,0.0,0.0,0.0,0.0,0.0,0.0,0.0,0.0,0.0,0.0,0.0,12,13,,,,
KOTAK SECURITIES LTD,2.0,0.0,0.0,0.0,0.0,0.0,0.0,0.0,0.0,0.0,0.0,0.0,0.0,0.0,0.0,0.0,10.0,10,13,,,,
TIBCO SOFTWARE,5.0,0.0,4.0,0.0,2.0,0.0,0.0,0.0,0.0,0.0,0.0,0.0,0.0,0.0,0.0,0.0,0.0,6,13,,,,
MEGH ENGINEERING INFRASTRUCTURE LTD,3.1,0.0,0.0,0.0,0.0,0.0,0.0,2.0,0.0,0.0,0.0,0.0,0.0,0.0,0.0,0.0,0.0,2,13,,,,
PROCESS MAP,3.2,0.0,2.0,0.0,0.0,0.0,0.0,0.0,0.0,0.0,0.0,0.0,0.0,0.0,0.0,0.0,0.0,2,13,,,,
VERITY KNOWLEDGE SOLUTIONS PVT. LTD.,3.15,0.0,0.0,0.0,0.0,0.0,0.0,0.0,0.0,0.0,0.0,0.0,0.0,0.0,0.0,0.0,1.0,1,13,,,,
COGNIZANT,1.8,0.0,0.0,0.0,0.0,0.0,0.0,0.0,0.0,0.0,0.0,0.0,0.0,0.0,0.0,0.0,2.0,2,13,,,,
HDFC LIFE,2.0,0.0,0.0,0.0,0.0,0.0,0.0,0.0,0.0,0.0,0.0,0.0,0.0,0.0,0.0,0.0,9.0,9,13,,,,
WELLS FARGO,5.0,2.0,2.0,0.0,0.0,2.0,0.0,2.0,5.0,0.0,0.0,0.0,0.0,0.0,0.0,0.0,0.0,13,13,,,,
ICICI SECURITIES,2.5,0.0,0.0,0.0,0.0,0.0,0.0,0.0,0.0,0.0,0.0,0.0,0.0,0.0,0.0,0.0,3.0,3,13,,,,
HARVEST FUTURES CONSULTANTS,1.5,0.0,0.0,0.0,0.0,0.0,0.0,0.0,0.0,0.0,0.0,0.0,0.0,0.0,0.0,0.0,12.0,12,13,,,,
NETCRACKER,4.5,3.0,3.0,0.0,0.0,0.0,0.0,0.0,0.0,0.0,0.0,0.0,0.0,0.0,0.0,0.0,0.0,6,13,,,,
MEDHA SERVO DRIVE,3.0,1.0,0.0,0.0,0.0,0.0,0.0,0.0,0.0,0.0,0.0,0.0,0.0,0.0,0.0,0.0,0.0,1,13,,,,
FACE,5.0,0.0,3.0,0.0,0.0,5.0,0.0,1.0,3.0,1.0,0.0,0.0,0.0,0.0,0.0,0.0,0.0,13,13,,,,
ASTER BUILDING SOLUTIONS PVT. LTD.,3.0,0.0,0.0,0.0,0.0,0.0,0.0,1.0,0.0,0.0,0.0,0.0,0.0,0.0,0.0,0.0,0.0,1,13,,,,
INUIT TECHNOLOGY,3.5,9.0,4.0,1.0,4.0,0.0,0.0,0.0,1.0,1.0,0.0,0.0,0.0,0.0,0.0,0.0,0.0,20,13,,,,
SAMSUNG,6.1,0.0,2.0,0.0,1.0,0.0,0.0,0.0,0.0,0.0,0.0,0.0,0.0,0.0,0.0,0.0,0.0,3,13,,,,
MOLD-TEK TECHNOLOGIES,1.8,0.0,0.0,0.0,0.0,0.0,0.0,1.0,0.0,0.0,0.0,0.0,0.0,0.0,0.0,0.0,0.0,1,13,,,,
EUREKA FORBES,1.0,0.0,0.0,0.0,0.0,0.0,0.0,0.0,0.0,0.0,0.0,0.0,0.0,0.0,0.0,0.0,2.0,2,13,,,,
CHANNELPLAY LTD,2.4,0.0,0.0,0.0,0.0,0.0,0.0,0.0,0.0,0.0,0.0,0.0,0.0,0.0,0.0,0.0,1.0,1,14,0.0,0.0,,
GE INDIA TECHNOLOGIES PVT LTD,2.4,0.0,0.0,0.0,0.0,0.0,0.0,0.0,0.0,0.0,0.0,4.0,2.0,0.0,1.0,0.0,0.0,7,14,0.0,0.0,,
TATA PROJECTS LTD,4.5,0.0,0.0,1.0,0.0,1.0,0.0,2.0,1.0,0.0,0.0,0.0,0.0,0.0,0.0,0.0,0.0,5,14,0.0,0.0,,
SONATA SOFTWARE,4.3,0.0,2.0,0.0,0.0,0.0,0.0,0.0,0.0,0.0,0.0,0.0,0.0,0.0,0.0,0.0,0.0,2,14,0.0,0.0,,
PYRO NETWORKS,2.75,0.0,1.0,0.0,0.0,0.0,0.0,0.0,0.0,0.0,0.0,0.0,0.0,0.0,0.0,0.0,0.0,1,14,0.0,0.0,,
L & T CONSTRUCTION,4.5,0.0,0.0,0.0,0.0,0.0,0.0,0.0,0.0,0.0,0.0,0.0,0.0,2.0,0.0,1.0,0.0,3,14,0.0,0.0,,
GOOGLE,6.0,0.0,0.0,0.0,1.0,0.0,0.0,0.0,0.0,0.0,0.0,0.0,0.0,0.0,0.0,0.0,0.0,1,14,0.0,0.0,,
MAHINDRA & MAHINDRA,5.5,0.0,0.0,0.0,0.0,0.0,1.0,0.0,0.0,0.0,0.0,0.0,0.0,0.0,0.0,0.0,0.0,1,14,0.0,0.0,,
DELOITTE,4.5,9.0,10.0,0.0,8.0,0.0,0.0,0.0,0.0,0.0,0.0,1.0,0.0,0.0,0.0,0.0,0.0,28,14,0.0,0.0,,
FACTSET,6.0,0.0,2.0,0.0,1.0,0.0,0.0,0.0,0.0,0.0,0.0,0.0,0.0,0.0,0.0,0.0,0.0,3,14,0.0,0.0,,
MICROSOFT,11.0,0.0,2.0,0.0,3.0,0.0,0.0,0.0,0.0,0.0,0.0,0.0,0.0,0.0,0.0,0.0,0.0,5,14,0.0,0.0,,
MICROSOFT INTERNSHIP,3.0,0.0,3.0,0.0,3.0,0.0,0.0,0.0,0.0,0.0,0.0,0.0,0.0,0.0,0.0,0.0,0.0,6,14,0.0,0.0,,
J P MORGAN CHASE,6.0,0.0,3.0,0.0,2.0,0.0,0.0,0.0,0.0,0.0,0.0,0.0,0.0,0.0,0.0,0.0,0.0,5,14,0.0,0.0,,
ITC LTD,8.0,0.0,0.0,1.0,0.0,2.0,0.0,0.0,0.0,0.0,0.0,0.0,0.0,0.0,0.0,0.0,0.0,3,14,0.0,0.0,,
FUTURES FIRST,8.75,0.0,0.0,0.0,0.0,1.0,0.0,0.0,0.0,0.0,0.0,0.0,0.0,0.0,0.0,0.0,0.0,1,14,0.0,0.0,,
ELGI EQUIPMENTS LIMITED,3.0,0.0,0.0,0.0,0.0,1.0,0.0,0.0,0.0,0.0,0.0,0.0,0.0,0.0,0.0,0.0,0.0,1,14,0.0,0.0,,
CTS,3.35,56.0,41.0,21.0,15.0,13.0,7.0,11.0,12.0,8.0,1.0,4.0,1.0,0.0,0.0,0.0,0.0,193,14,2.0,1.0,,
FCS,5.0,1.0,3.0,0.0,0.0,0.0,0.0,0.0,0.0,0.0,0.0,0.0,0.0,0.0,0.0,0.0,0.0,4,14,0.0,0.0,,
CAPITAL IQ,5.5,0.0,3.0,0.0,0.0,0.0,0.0,0.0,0.0,0.0,0.0,0.0,0.0,0.0,0.0,0.0,0.0,3,14,0.0,0.0,,
INFOSYS,3.35,63.0,57.0,17.0,16.0,13.0,15.0,22.0,15.0,18.0,0.0,3.0,1.0,0.0,0.0,0.0,0.0,242,14,1.0,1.0,,
HUL,5.53,0.0,0.0,0.0,0.0,1.0,0.0,0.0,0.0,0.0,0.0,0.0,0.0,0.0,0.0,0.0,0.0,1,14,0.0,0.0,,
WIPRO,3.35,30.0,10.0,11.0,4.0,8.0,2.0,5.0,7.0,2.0,2.0,0.0,0.0,0.0,0.0,0.0,0.0,81,14,0.0,0.0,,
MICROSOFT-GFS INTERNSHIP,3.0,0.0,2.0,0.0,1.0,0.0,0.0,0.0,0.0,0.0,0.0,0.0,0.0,0.0,0.0,0.0,0.0,3,14,0.0,0.0,,
CAPGEMINI,3.0,5.0,5.0,6.0,2.0,3.0,4.0,3.0,1.0,0.0,3.0,2.0,0.0,0.0,0.0,0.0,0.0,36,14,2.0,0.0,,
FMC TECHNOLOGIES,6.0,0.0,0.0,0.0,0.0,1.0,1.0,0.0,0.0,0.0,0.0,0.0,0.0,0.0,0.0,0.0,0.0,2,14,0.0,0.0,,
CYBAGE,3.0,5.0,1.0,0.0,0.0,0.0,0.0,0.0,0.0,0.0,0.0,0.0,0.0,0.0,0.0,0.0,0.0,6,14,0.0,0.0,,
IGATE,3.25,9.0,6.0,3.0,2.0,0.0,0.0,0.0,0.0,0.0,1.0,0.0,0.0,0.0,0.0,0.0,0.0,21,14,0.0,0.0,,
HSBC,4.0,0.0,0.0,0.0,0.0,0.0,1.0,0.0,0.0,0.0,0.0,0.0,0.0,0.0,0.0,0.0,0.0,1,14,0.0,0.0,,
CTS-MBA-FINANCE,2.5,0.0,0.0,0.0,0.0,0.0,0.0,0.0,0.0,0.0,0.0,0.0,0.0,0.0,0.0,0.0,6.0,6,14,0.0,0.0,,
PEGA SYSTEMS,6.0,1.0,7.0,0.0,0.0,0.0,0.0,0.0,0.0,0.0,0.0,0.0,0.0,0.0,0.0,0.0,0.0,8,14,0.0,0.0,,
"SATYAM VENTURE ENGINEERING
SERVICES PVT LTD",2.1,0.0,0.0,0.0,0.0,4.0,1.0,0.0,0.0,0.0,0.0,0.0,0.0,0.0,0.0,0.0,0.0,5,14,0.0,0.0,,
TECH MAHINDRA,3.0,5.0,0.0,1.0,1.0,0.0,1.0,1.0,1.0,3.0,0.0,0.0,0.0,0.0,0.0,0.0,0.0,13,14,0.0,0.0,,
INTERGRAPH,3.7,0.0,2.0,0.0,0.0,3.0,0.0,0.0,0.0,0.0,0.0,0.0,0.0,0.0,0.0,0.0,0.0,5,14,0.0,0.0,,
BANK OF AMERICA,3.75,2.0,4.0,1.0,1.0,1.0,0.0,0.0,0.0,0.0,0.0,0.0,0.0,0.0,0.0,0.0,0.0,9,14,0.0,0.0,,
MUSIGMA,4.5,0.0,3.0,0.0,2.0,0.0,0.0,0.0,0.0,0.0,0.0,1.0,0.0,0.0,0.0,0.0,0.0,6,14,0.0,0.0,,
CA TECHNOLOGIES,5.5,0.0,3.0,0.0,2.0,0.0,0.0,0.0,0.0,0.0,0.0,0.0,0.0,0.0,0.0,0.0,0.0,5,14,0.0,0.0,,
TATA ADVANCED SYSTEMS LTD.,3.93,0.0,0.0,0.0,0.0,1.0,1.0,0.0,0.0,0.0,0.0,0.0,0.0,0.0,0.0,0.0,0.0,2,14,0.0,0.0,,
BROADCOM - INTERNSHIP,2.4,0.0,0.0,0.0,0.0,0.0,0.0,0.0,0.0,0.0,0.0,1.0,0.0,0.0,0.0,0.0,0.0,1,14,0.0,0.0,,
WELLS FARGO,5.2,8.0,6.0,2.0,2.0,1.0,3.0,1.0,2.0,0.0,0.0,0.0,0.0,0.0,0.0,0.0,0.0,25,14,0.0,0.0,,
GODREJ & BOYCE MFG. CO. LTD,5.0,0.0,0.0,0.0,0.0,1.0,0.0,0.0,0.0,0.0,0.0,0.0,0.0,0.0,0.0,0.0,0.0,1,14,0.0,0.0,,
BACKOFFICE ASSOCIATES,4.5,4.0,0.0,0.0,0.0,0.0,0.0,0.0,0.0,0.0,0.0,0.0,0.0,0.0,0.0,0.0,0.0,4,14,0.0,0.0,,
CSC,3.27,2.0,2.0,0.0,1.0,0.0,0.0,0.0,0.0,0.0,1.0,0.0,0.0,0.0,0.0,0.0,0.0,6,14,0.0,0.0,,
AVAYA - INTERNSHIP,2.4,0.0,0.0,0.0,0.0,0.0,0.0,0.0,0.0,0.0,0.0,0.0,1.0,0.0,0.0,0.0,0.0,2,14,1.0,0.0,,
ORACLE -(UGBU),6.0,2.0,2.0,0.0,1.0,0.0,0.0,0.0,0.0,0.0,0.0,0.0,0.0,0.0,0.0,0.0,0.0,5,14,0.0,0.0,,
ORACLE -(CGBU),7.5,1.0,0.0,0.0,2.0,0.0,0.0,0.0,0.0,0.0,0.0,0.0,0.0,0.0,0.0,0.0,0.0,3,14,0.0,0.0,,
99ACRES.COM,5.0,0.0,0.0,0.0,0.0,0.0,0.0,0.0,0.0,0.0,0.0,0.0,0.0,0.0,0.0,0.0,2.0,2,14,0.0,0.0,,
VERIZON,4.5,2.0,6.0,0.0,0.0,0.0,0.0,0.0,0.0,0.0,0.0,0.0,0.0,0.0,0.0,0.0,0.0,8,14,0.0,0.0,,
ORIENT CEMENT,3.75,0.0,0.0,2.0,0.0,5.0,0.0,0.0,2.0,0.0,0.0,0.0,0.0,0.0,0.0,0.0,0.0,9,14,0.0,0.0,,
Dr. REDDY'S LABORATORIES LTD,4.0,0.0,0.0,0.0,0.0,0.0,0.0,0.0,1.0,0.0,0.0,0.0,0.0,0.0,0.0,0.0,0.0,1,14,0.0,0.0,,
DEFTEAM SOLUTIONS PVT. LTD.,3.0,0.0,0.0,0.0,0.0,0.0,0.0,0.0,0.0,0.0,4.0,2.0,0.0,0.0,0.0,0.0,0.0,6,14,0.0,0.0,,
JARO EDUCATION,4.5,0.0,0.0,0.0,0.0,0.0,0.0,0.0,0.0,0.0,0.0,0.0,0.0,0.0,0.0,0.0,2.0,2,14,0.0,0.0,,
INFOTECH ENTERPRISES LTD,2.75,0.0,0.0,0.0,0.0,2.0,0.0,0.0,0.0,0.0,0.0,0.0,0.0,0.0,0.0,0.0,0.0,2,14,0.0,0.0,,
SNEHADEEP FINANCIAL,2.0,0.0,0.0,0.0,0.0,0.0,0.0,0.0,0.0,0.0,0.0,0.0,0.0,0.0,0.0,0.0,11.0,11,14,0.0,0.0,,
A and M Signalling Services Pvt. Ltd.,2.5,10.0,0.0,0.0,0.0,0.0,0.0,0.0,0.0,0.0,0.0,0.0,0.0,0.0,0.0,0.0,0.0,10,14,0.0,0.0,,
ISERVICEGLOBE,3.0,0.0,0.0,0.0,0.0,0.0,0.0,0.0,0.0,0.0,0.0,2.0,0.0,0.0,0.0,0.0,0.0,2,14,0.0,0.0,,
PYRO GROUP,3.0,1.0,0.0,0.0,0.0,0.0,0.0,0.0,0.0,0.0,0.0,1.0,0.0,0.0,0.0,0.0,0.0,2,14,0.0,0.0,,
GODREJ & BOYCE MFG. CO. LTD,3.6,3.0,0.0,0.0,0.0,0.0,0.0,0.0,0.0,0.0,0.0,0.0,0.0,0.0,0.0,0.0,0.0,3,14,0.0,0.0,,
AARVE ASSOCIATES,3.3,0.0,0.0,0.0,0.0,0.0,0.0,2.0,0.0,0.0,0.0,0.0,0.0,0.0,0.0,0.0,0.0,2,14,0.0,0.0,,
K TREE SOLUTIONS,2.4,0.0,0.0,0.0,0.0,0.0,0.0,0.0,0.0,0.0,0.0,0.0,0.0,0.0,0.0,0.0,3.0,3,14,0.0,0.0,,
NAVJYOTHI COMMODITES,3.0,0.0,0.0,0.0,0.0,0.0,0.0,0.0,0.0,0.0,0.0,0.0,0.0,0.0,0.0,0.0,4.0,4,14,0.0,0.0,,
SAMSUNG R &D,6.5,0.0,3.0,0.0,0.0,0.0,0.0,0.0,0.0,0.0,0.0,0.0,0.0,0.0,0.0,0.0,0.0,3,14,0.0,0.0,,
INVESCO LTD,2.25,0.0,0.0,0.0,0.0,0.0,0.0,0.0,0.0,0.0,0.0,0.0,0.0,0.0,0.0,0.0,3.0,3,14,0.0,0.0,,
GE-BHEL,3.5,0.0,0.0,0.0,0.0,3.0,0.0,0.0,0.0,0.0,0.0,0.0,0.0,0.0,0.0,0.0,0.0,3,14,0.0,0.0,,
TIBCO,5.0,0.0,6.0,0.0,0.0,0.0,0.0,0.0,0.0,0.0,0.0,1.0,0.0,0.0,0.0,0.0,0.0,7,15,0.0,0.0,0.0,
HYDERABAD INDUSTRIES LTD.,4.5,0.0,0.0,1.0,0.0,2.0,0.0,0.0,0.0,0.0,0.0,0.0,0.0,0.0,0.0,0.0,0.0,3,15,0.0,0.0,0.0,
PROGRESS SOFTWARE-INTERNSHIP,2.4,0.0,0.0,0.0,0.0,0.0,0.0,0.0,0.0,0.0,0.0,2.0,1.0,0.0,0.0,0.0,0.0,3,15,0.0,0.0,0.0,
DELOITTE,5.2,11.0,10.0,5.0,6.0,0.0,0.0,0.0,0.0,0.0,0.0,2.0,0.0,0.0,0.0,0.0,0.0,34,15,0.0,0.0,0.0,
DELOITTE (INTERNSHIP),1.8,0.0,4.0,0.0,2.0,0.0,0.0,0.0,0.0,0.0,0.0,0.0,0.0,0.0,0.0,0.0,0.0,6,15,0.0,0.0,0.0,
ORACLE (CGBU,8.0,0.0,3.0,0.0,1.0,0.0,0.0,0.0,0.0,0.0,0.0,0.0,0.0,0.0,0.0,0.0,0.0,4,15,0.0,0.0,0.0,
ORACLE (PGBU),8.0,1.0,1.0,0.0,0.0,0.0,0.0,0.0,0.0,0.0,0.0,0.0,0.0,0.0,0.0,0.0,0.0,2,15,0.0,0.0,0.0,
JPMORGAN CHASE,6.0,0.0,2.0,0.0,1.0,0.0,0.0,0.0,0.0,0.0,0.0,0.0,0.0,0.0,0.0,0.0,0.0,3,15,0.0,0.0,0.0,
MICROSOFT(MSIT),12.0,0.0,3.0,0.0,2.0,0.0,0.0,0.0,0.0,0.0,0.0,0.0,0.0,0.0,0.0,0.0,0.0,5,15,0.0,0.0,0.0,
MICROSOFT(FTP),12.0,0.0,2.0,0.0,1.0,0.0,0.0,0.0,0.0,0.0,0.0,0.0,0.0,0.0,0.0,0.0,0.0,3,15,0.0,0.0,0.0,
MICROSOFT(INTERNSHIP),3.0,0.0,4.0,0.0,0.0,0.0,0.0,0.0,0.0,0.0,0.0,0.0,0.0,0.0,0.0,0.0,0.0,4,15,0.0,0.0,0.0,
ITC,8.5,0.0,0.0,0.0,0.0,1.0,0.0,0.0,0.0,0.0,0.0,0.0,0.0,0.0,0.0,0.0,0.0,1,15,0.0,0.0,0.0,
FACTSET,6.0,0.0,1.0,0.0,1.0,0.0,0.0,0.0,0.0,0.0,0.0,0.0,0.0,0.0,0.0,0.0,0.0,2,15,0.0,0.0,0.0,
COGNIZANT,3.35,48.0,41.0,14.0,16.0,14.0,8.0,18.0,13.0,10.0,1.0,5.0,2.0,1.0,0.0,0.0,0.0,196,15,4.0,1.0,0.0,
INFOSYS,3.35,68.0,39.0,17.0,19.0,17.0,9.0,19.0,20.0,8.0,3.0,7.0,3.0,2.0,1.0,0.0,0.0,238,15,2.0,2.0,2.0,
Verity Knowledge Solutions,3.6,0.0,0.0,0.0,0.0,0.0,0.0,0.0,0.0,0.0,0.0,0.0,0.0,0.0,0.0,0.0,4.0,4,15,0.0,0.0,0.0,
WIPRO,3.35,49.0,35.0,8.0,26.0,7.0,4.0,15.0,3.0,4.0,1.0,0.0,0.0,0.0,0.0,0.0,0.0,152,15,0.0,0.0,0.0,
ACCENTURE,3.0,70.0,46.0,22.0,23.0,18.0,22.0,36.0,22.0,19.0,4.0,0.0,0.0,0.0,0.0,0.0,0.0,282,15,0.0,0.0,0.0,
TECHMAHINDRA,3.0,2.0,6.0,2.0,1.0,2.0,1.0,0.0,0.0,0.0,0.0,0.0,0.0,0.0,0.0,0.0,0.0,14,15,0.0,0.0,0.0,
CAPGEMINI,3.0,1.0,2.0,2.0,2.0,1.0,1.0,4.0,0.0,0.0,1.0,3.0,1.0,3.0,0.0,0.0,0.0,21,15,0.0,0.0,0.0,
CYBAGE,3.0,3.0,8.0,0.0,3.0,0.0,0.0,0.0,0.0,0.0,0.0,0.0,0.0,0.0,0.0,0.0,0.0,14,15,0.0,0.0,0.0,
ALLIANCE GLOBAL SERVICES,4.0,4.0,3.0,0.0,1.0,0.0,0.0,0.0,0.0,0.0,0.0,0.0,0.0,0.0,0.0,0.0,0.0,8,15,0.0,0.0,0.0,
MICROSOFT - GFS,12.0,0.0,2.0,0.0,0.0,0.0,0.0,0.0,0.0,0.0,0.0,0.0,0.0,0.0,0.0,0.0,0.0,2,15,0.0,0.0,0.0,
CA TECHNOLOGIES,5.5,0.0,0.0,0.0,1.0,0.0,0.0,0.0,0.0,0.0,0.0,0.0,0.0,0.0,0.0,0.0,0.0,1,15,0.0,0.0,0.0,
IGATE,3.0,7.0,3.0,0.0,2.0,0.0,0.0,0.0,0.0,0.0,1.0,0.0,0.0,0.0,0.0,0.0,0.0,13,15,0.0,0.0,0.0,
JPMORGAN CHASE,5.25,0.0,11.0,0.0,6.0,0.0,0.0,0.0,0.0,0.0,0.0,0.0,0.0,0.0,0.0,0.0,0.0,17,15,0.0,0.0,0.0,
NCR CORPORATION,4.0,0.0,3.0,0.0,2.0,0.0,0.0,0.0,0.0,0.0,0.0,0.0,0.0,0.0,0.0,0.0,0.0,5,15,0.0,0.0,0.0,
VERIZON,4.5,7.0,2.0,2.0,1.0,0.0,0.0,0.0,0.0,0.0,0.0,0.0,0.0,0.0,0.0,0.0,0.0,12,15,0.0,0.0,0.0,
HEXAGON,4.3,0.0,2.0,0.0,0.0,1.0,1.0,0.0,0.0,0.0,0.0,0.0,0.0,0.0,0.0,0.0,0.0,4,15,0.0,0.0,0.0,
CYIENT,2.75,0.0,0.0,0.0,0.0,4.0,1.0,0.0,0.0,0.0,0.0,0.0,0.0,0.0,0.0,0.0,0.0,5,15,0.0,0.0,0.0,
L & T INFOTECH (OFF CAMPUS),3.0,0.0,0.0,0.0,0.0,0.0,0.0,0.0,0.0,0.0,0.0,0.0,0.0,1.0,0.0,0.0,0.0,1,15,0.0,0.0,0.0,
FORD,5.5,4.0,0.0,2.0,1.0,0.0,0.0,0.0,0.0,0.0,0.0,0.0,0.0,0.0,0.0,0.0,0.0,7,15,0.0,0.0,0.0,
SATYAM VENTURE ENGINEERING SERVICES PVT LTD,2.1,0.0,0.0,0.0,0.0,1.0,1.0,0.0,0.0,0.0,0.0,0.0,0.0,0.0,0.0,0.0,0.0,2,15,0.0,0.0,0.0,
JARO EDUCATION,5.46,0.0,0.0,0.0,0.0,0.0,0.0,0.0,0.0,0.0,0.0,0.0,0.0,0.0,0.0,0.0,2.0,2,15,0.0,0.0,0.0,
CSC,3.4,1.0,0.0,0.0,1.0,0.0,0.0,0.0,0.0,1.0,0.0,0.0,0.0,0.0,0.0,0.0,0.0,3,15,0.0,0.0,0.0,
CAPITAL IQ,6.57,0.0,0.0,0.0,1.0,0.0,0.0,0.0,0.0,0.0,0.0,0.0,0.0,0.0,0.0,0.0,0.0,1,15,0.0,0.0,0.0,
GODREJ,5.0,1.0,0.0,0.0,0.0,2.0,0.0,0.0,0.0,0.0,0.0,0.0,0.0,0.0,0.0,0.0,0.0,3,15,0.0,0.0,0.0,
MENTOR GRAPHICS - INTERNSHIP,2.4,0.0,0.0,0.0,0.0,0.0,0.0,0.0,0.0,0.0,0.0,2.0,0.0,1.0,0.0,0.0,0.0,3,15,0.0,0.0,0.0,
DEFTEAM,3.25,0.0,0.0,0.0,0.0,0.0,0.0,0.0,0.0,0.0,1.0,1.0,0.0,0.0,0.0,0.0,0.0,2,15,0.0,0.0,0.0,
AVAYA - INTERNSHIP,2.4,0.0,0.0,0.0,0.0,0.0,0.0,0.0,0.0,0.0,2.0,2.0,0.0,0.0,0.0,0.0,0.0,4,15,0.0,0.0,0.0,
HIL,4.5,0.0,0.0,0.0,0.0,2.0,2.0,0.0,0.0,0.0,0.0,0.0,0.0,0.0,0.0,0.0,0.0,4,15,0.0,0.0,0.0,
SIA EDUGROUP,1.8,0.0,0.0,0.0,0.0,0.0,0.0,0.0,0.0,0.0,0.0,0.0,0.0,0.0,0.0,0.0,3.0,3,15,0.0,0.0,0.0,
BANK OF AMERICA,3.75,7.0,12.0,0.0,1.0,0.0,0.0,0.0,0.0,0.0,0.0,0.0,0.0,0.0,0.0,0.0,0.0,20,15,0.0,0.0,0.0,
BROADCOM - INTERNSHIP,3.84,0.0,0.0,0.0,0.0,0.0,0.0,0.0,0.0,0.0,0.0,0.0,0.0,0.0,0.0,0.0,0.0,1,15,0.0,0.0,1.0,
RAMKY GROUP,2.4,0.0,0.0,0.0,0.0,0.0,0.0,0.0,0.0,0.0,0.0,0.0,0.0,0.0,0.0,0.0,1.0,1,15,0.0,0.0,0.0,
WELLS FARGO,5.5,2.0,3.0,1.0,2.0,2.0,3.0,3.0,3.0,0.0,0.0,0.0,0.0,0.0,0.0,0.0,0.0,19,15,0.0,0.0,0.0,
ADTRAN NETWORKS - INTERNSHIP,2.4,0.0,0.0,0.0,0.0,0.0,0.0,0.0,0.0,0.0,0.0,1.0,0.0,0.0,0.0,0.0,0.0,2,15,0.0,0.0,1.0,
AUROBINDO PHARMA LTD,3.6,0.0,0.0,0.0,0.0,2.0,0.0,0.0,2.0,0.0,0.0,0.0,0.0,0.0,0.0,0.0,0.0,4,15,0.0,0.0,0.0,
PRIMESOFT SOLUTIONS,4.0,0.0,0.0,0.0,2.0,0.0,0.0,0.0,0.0,0.0,0.0,0.0,0.0,0.0,0.0,0.0,0.0,2,15,0.0,0.0,0.0,
ICICI SECURITIES,3.5,0.0,0.0,0.0,0.0,0.0,0.0,0.0,0.0,0.0,0.0,0.0,0.0,0.0,0.0,0.0,1.0,1,15,0.0,0.0,0.0,
NEUDESIC,3.25,0.0,1.0,0.0,0.0,0.0,2.0,0.0,0.0,0.0,0.0,0.0,0.0,0.0,0.0,0.0,0.0,4,15,0.0,0.0,1.0,
KIDSTOBY PRE-SCHOOL CHAIN,2.4,0.0,0.0,0.0,0.0,0.0,0.0,0.0,0.0,0.0,0.0,0.0,0.0,0.0,0.0,0.0,6.0,6,15,0.0,0.0,0.0,
RANE GROUP,3.5,0.0,0.0,0.0,0.0,2.0,1.0,0.0,0.0,0.0,0.0,0.0,0.0,0.0,0.0,0.0,0.0,3,15,0.0,0.0,0.0,
THINK TANKERS,5.0,1.0,0.0,0.0,0.0,0.0,0.0,0.0,0.0,0.0,0.0,0.0,0.0,0.0,0.0,0.0,0.0,1,15,0.0,0.0,0.0,
THINK TANKERS  - INTERNSHIP,1.8,3.0,3.0,0.0,3.0,0.0,0.0,0.0,0.0,0.0,0.0,0.0,0.0,0.0,0.0,0.0,0.0,9,15,0.0,0.0,0.0,
VALUE LABS,1.8,0.0,0.0,0.0,0.0,0.0,0.0,0.0,0.0,0.0,0.0,1.0,0.0,1.0,0.0,0.0,0.0,3,15,1.0,0.0,0.0,
VISA INC,7.0,3.0,3.0,1.0,0.0,0.0,0.0,0.0,0.0,0.0,0.0,0.0,0.0,0.0,0.0,0.0,0.0,7,16,0.0,0.0,0.0,
STRATAGEM SOLUTIONS,2.0,0.0,0.0,0.0,0.0,0.0,0.0,0.0,0.0,0.0,0.0,0.0,0.0,0.0,0.0,0.0,5.0,5,16,0.0,0.0,0.0,
NEKTAR THERAPEUTICS,2.0,0.0,0.0,0.0,0.0,0.0,0.0,0.0,0.0,0.0,0.0,0.0,0.0,0.0,0.0,0.0,1.0,1,16,0.0,0.0,0.0,
"APOORVA IT SOLUTIONS PVT. LTD.,",2.0,0.0,0.0,0.0,0.0,0.0,0.0,0.0,0.0,0.0,0.0,0.0,0.0,0.0,0.0,0.0,3.0,3,16,0.0,0.0,0.0,
NAYAN HARDWARE PVT LTD.,3.6,0.0,0.0,0.0,0.0,1.0,0.0,1.0,0.0,0.0,0.0,0.0,0.0,0.0,0.0,0.0,0.0,2,16,0.0,0.0,0.0,
CAPITAL IQ,6.0,0.0,1.0,0.0,0.0,0.0,0.0,0.0,0.0,0.0,0.0,0.0,0.0,0.0,0.0,0.0,0.0,1,16,0.0,0.0,0.0,
ELECTRONICS ARTS - INTERNSHIP,2.2,0.0,2.0,0.0,0.0,0.0,0.0,0.0,0.0,0.0,0.0,0.0,0.0,0.0,0.0,0.0,0.0,2,16,0.0,0.0,0.0,
EHELIUM,2.0,0.0,0.0,0.0,0.0,0.0,0.0,0.0,0.0,0.0,0.0,0.0,0.0,0.0,0.0,0.0,8.0,8,16,0.0,0.0,0.0,
RIKTAM - INTERNSHIP,0.72,0.0,3.0,0.0,0.0,0.0,0.0,0.0,0.0,0.0,0.0,0.0,0.0,0.0,0.0,0.0,0.0,3,16,0.0,0.0,0.0,
"PROGRESS SOFTWARE -
INTERNSHIP",1.8,0.0,2.0,0.0,2.0,0.0,0.0,0.0,0.0,0.0,0.0,0.0,0.0,0.0,0.0,0.0,0.0,4,16,0.0,0.0,0.0,
Sunera Technologies Pvt. Ltd.,2.0,0.0,0.0,0.0,0.0,0.0,0.0,0.0,0.0,0.0,0.0,0.0,0.0,0.0,0.0,0.0,1.0,1,16,0.0,0.0,0.0,
ORACLE,7.5,1.0,9.0,0.0,4.0,0.0,0.0,0.0,0.0,0.0,0.0,0.0,0.0,0.0,0.0,0.0,0.0,14,16,0.0,0.0,0.0,
DUPONT - INTERNSHIP,3.0,0.0,0.0,0.0,0.0,0.0,0.0,0.0,0.0,0.0,1.0,0.0,0.0,0.0,0.0,0.0,0.0,1,16,0.0,0.0,0.0,
HEXAGON - INTERNSHIP,2.4,0.0,0.0,0.0,0.0,0.0,0.0,0.0,0.0,0.0,0.0,1.0,0.0,0.0,0.0,0.0,0.0,2,16,0.0,0.0,1.0,
HYUNDAI,3.25,0.0,0.0,0.0,0.0,1.0,1.0,0.0,0.0,0.0,0.0,0.0,0.0,0.0,0.0,0.0,0.0,2,16,0.0,0.0,0.0,
RIKTAM,4.2,0.0,1.0,0.0,0.0,0.0,0.0,0.0,0.0,0.0,0.0,0.0,0.0,0.0,0.0,0.0,0.0,1,16,0.0,0.0,0.0,
DELOITTE,6.2,8.0,19.0,0.0,7.0,0.0,0.0,0.0,0.0,0.0,4.0,0.0,0.0,0.0,0.0,0.0,0.0,38,16,0.0,0.0,0.0,
JPMC cfg,6.3,0.0,5.0,0.0,6.0,0.0,0.0,0.0,0.0,0.0,0.0,0.0,0.0,0.0,0.0,0.0,0.0,11,16,0.0,0.0,0.0,
NCR CORPORATION,5.5,0.0,5.0,0.0,0.0,0.0,0.0,0.0,0.0,0.0,0.0,0.0,0.0,0.0,0.0,0.0,0.0,5,16,0.0,0.0,0.0,
ACCOLITE,10.0,0.0,1.0,0.0,0.0,0.0,0.0,0.0,0.0,0.0,0.0,0.0,0.0,0.0,0.0,0.0,0.0,1,16,0.0,0.0,0.0,
"Unistring Tech Solutions Pvt Ltd,
(INTERNSHIP)",0.96,0.0,0.0,0.0,0.0,0.0,0.0,0.0,0.0,0.0,0.0,0.0,2.0,0.0,0.0,0.0,0.0,2,16,0.0,0.0,0.0,
COGNIZANT,3.35,60.0,32.0,20.0,11.0,29.0,8.0,18.0,6.0,6.0,0.0,0.0,2.0,1.0,2.0,0.0,0.0,201,16,5.0,1.0,0.0,
INFOSYS,3.28,82.0,32.0,23.0,12.0,37.0,17.0,27.0,12.0,13.0,1.0,2.0,1.0,1.0,3.0,0.0,0.0,266,16,3.0,0.0,0.0,
WIPRO,3.35,82.0,37.0,29.0,24.0,38.0,12.0,3.0,2.0,0.0,0.0,0.0,0.0,0.0,0.0,0.0,0.0,227,16,0.0,0.0,0.0,
ACCENTURE,3.5,101.0,57.0,38.0,25.0,58.0,29.0,42.0,27.0,16.0,5.0,0.0,0.0,0.0,1.0,0.0,0.0,402,16,3.0,0.0,0.0,
CAPGEMINI,3.15,7.0,2.0,2.0,1.0,2.0,0.0,6.0,0.0,0.0,1.0,2.0,0.0,0.0,1.0,0.0,0.0,24,16,0.0,0.0,0.0,
DELOITTE TAX (MBA),5.8,0.0,0.0,0.0,0.0,0.0,0.0,0.0,0.0,0.0,0.0,0.0,0.0,0.0,0.0,0.0,5.0,5,16,0.0,0.0,0.0,
MYCLASSBOARD (MBA),2.5,0.0,0.0,0.0,0.0,0.0,0.0,0.0,0.0,0.0,0.0,0.0,0.0,0.0,0.0,0.0,9.0,9,16,0.0,0.0,0.0,
ZOMATO,12.0,0.0,1.0,0.0,0.0,0.0,0.0,0.0,0.0,0.0,0.0,0.0,0.0,0.0,0.0,0.0,0.0,1,16,0.0,0.0,0.0,
HUL,7.0,0.0,0.0,1.0,0.0,0.0,0.0,0.0,0.0,0.0,0.0,0.0,0.0,0.0,0.0,0.0,0.0,1,16,0.0,0.0,0.0,
CALLIDUS CLOUD,6.0,0.0,2.0,0.0,2.0,0.0,0.0,0.0,0.0,0.0,0.0,0.0,0.0,0.0,0.0,0.0,0.0,4,16,0.0,0.0,0.0,
UURMI SYSTEMS (INTERNSHIP),1.0,0.0,0.0,0.0,0.0,0.0,0.0,0.0,0.0,0.0,0.0,0.0,0.0,0.0,0.0,0.0,0.0,1,16,1.0,0.0,0.0,
HYUNDAI MOBIS,3.63,0.0,0.0,0.0,1.0,0.0,0.0,0.0,0.0,0.0,0.0,0.0,0.0,0.0,0.0,0.0,0.0,1,16,0.0,0.0,0.0,
HEXAGON,4.75,0.0,1.0,0.0,1.0,2.0,0.0,0.0,0.0,0.0,0.0,0.0,0.0,0.0,0.0,0.0,0.0,4,16,0.0,0.0,0.0,
PEGA SYSTEMS,7.13,5.0,3.0,0.0,1.0,0.0,0.0,0.0,0.0,0.0,0.0,0.0,0.0,0.0,0.0,0.0,0.0,9,16,0.0,0.0,0.0,
JPMC,6.7,0.0,6.0,0.0,2.0,0.0,0.0,0.0,0.0,0.0,0.0,0.0,0.0,0.0,0.0,0.0,0.0,8,16,0.0,0.0,0.0,
HSBC,7.0,1.0,0.0,0.0,0.0,0.0,0.0,0.0,0.0,0.0,0.0,0.0,0.0,0.0,0.0,0.0,0.0,1,16,0.0,0.0,0.0,
CDK GLOBAL,4.5,0.0,7.0,0.0,0.0,0.0,0.0,0.0,0.0,0.0,0.0,0.0,0.0,0.0,0.0,0.0,0.0,7,16,0.0,0.0,0.0,
FMC Technology,5.53,0.0,0.0,0.0,0.0,3.0,0.0,0.0,0.0,0.0,0.0,0.0,0.0,0.0,0.0,0.0,0.0,3,16,0.0,0.0,0.0,
CA TECHNOLOGY,5.15,0.0,2.0,0.0,0.0,0.0,0.0,0.0,0.0,0.0,0.0,0.0,0.0,0.0,0.0,0.0,0.0,2,16,0.0,0.0,0.0,
INVESO  (MBA),3.3,0.0,0.0,0.0,0.0,0.0,0.0,0.0,0.0,0.0,0.0,0.0,0.0,0.0,0.0,0.0,1.0,1,16,0.0,0.0,0.0,
Next Education Indian Pvt Ltd.,5.0,1.0,6.0,0.0,0.0,0.0,0.0,0.0,0.0,0.0,0.0,0.0,0.0,0.0,0.0,0.0,0.0,7,16,0.0,0.0,0.0,
Verity Knowledge Solutions(MBA),3.5,0.0,0.0,0.0,0.0,0.0,0.0,0.0,0.0,0.0,0.0,0.0,0.0,0.0,0.0,0.0,5.0,5,16,0.0,0.0,0.0,
larsen toubro,4.0,2.0,1.0,0.0,0.0,1.0,0.0,0.0,0.0,0.0,0.0,0.0,0.0,0.0,0.0,0.0,0.0,4,16,0.0,0.0,0.0,
"Riktam Technology Consulting
Pvt. Ltd",4.2,0.0,3.0,0.0,0.0,0.0,0.0,0.0,0.0,0.0,0.0,0.0,0.0,0.0,0.0,0.0,0.0,3,16,0.0,0.0,0.0,
Thinktankers Internship,4.5,0.0,7.0,0.0,3.0,0.0,0.0,0.0,0.0,0.0,0.0,0.0,0.0,0.0,0.0,0.0,0.0,10,16,0.0,0.0,0.0,
Bank of America,3.75,6.0,4.0,3.0,1.0,1.0,1.0,0.0,0.0,0.0,0.0,0.0,0.0,0.0,0.0,0.0,0.0,16,16,0.0,0.0,0.0,
United Health Group (UHG),3.6,3.0,1.0,0.0,0.0,0.0,0.0,0.0,0.0,0.0,0.0,0.0,0.0,0.0,0.0,0.0,0.0,4,16,0.0,0.0,0.0,
ATOS,2.8,1.0,1.0,0.0,0.0,0.0,0.0,0.0,0.0,0.0,0.0,0.0,0.0,0.0,0.0,0.0,0.0,2,16,0.0,0.0,0.0,
INSPIRAGE,4.5,1.0,1.0,0.0,0.0,0.0,0.0,0.0,0.0,0.0,0.0,0.0,0.0,0.0,0.0,0.0,0.0,2,16,0.0,0.0,0.0,
HIL,4.5,0.0,0.0,0.0,0.0,2.0,0.0,0.0,0.0,0.0,0.0,0.0,0.0,0.0,0.0,0.0,0.0,2,16,0.0,0.0,0.0,
MRF MBA,3.9,0.0,0.0,0.0,0.0,0.0,0.0,0.0,0.0,0.0,0.0,0.0,0.0,0.0,0.0,0.0,2.0,3,16,0.0,0.0,0.0,
Biological E.Limited,1.8,0.0,0.0,0.0,0.0,0.0,0.0,0.0,0.0,2.0,0.0,0.0,0.0,0.0,0.0,0.0,0.0,2,16,0.0,0.0,0.0,
Deloitte Internship,3.0,0.0,1.0,0.0,3.0,0.0,0.0,0.0,0.0,0.0,0.0,0.0,0.0,0.0,0.0,0.0,0.0,4,16,0.0,0.0,0.0,
Thinktankers Internship,1.5,0.0,7.0,0.0,3.0,0.0,0.0,0.0,0.0,0.0,0.0,0.0,0.0,0.0,0.0,0.0,0.0,10,17,0.0,0.0,0.0,
Deloitte Internship,0.25,0.0,3.0,0.0,1.0,0.0,0.0,0.0,0.0,0.0,0.0,0.0,0.0,0.0,0.0,0.0,0.0,4,17,0.0,0.0,0.0,
Biological E. Limited,1.5,0.0,0.0,0.0,0.0,0.0,0.0,0.0,0.0,2.0,0.0,0.0,0.0,0.0,0.0,0.0,0.0,2,17,0.0,0.0,0.0,
INSPIRAGE,4.5,1.0,1.0,0.0,0.0,0.0,0.0,0.0,0.0,0.0,0.0,0.0,0.0,0.0,0.0,0.0,0.0,2,17,0.0,0.0,0.0,
Value Labs,2.7,0.0,1.0,0.0,0.0,0.0,0.0,0.0,0.0,0.0,1.0,1.0,0.0,0.0,0.0,0.0,0.0,4,17,0.0,0.0,1.0,
Factset,6.5,0.0,2.0,0.0,0.0,0.0,0.0,0.0,0.0,0.0,0.0,0.0,0.0,0.0,0.0,0.0,0.0,2,17,0.0,0.0,0.0,
Oracle,7.5,1.0,1.0,0.0,1.0,0.0,0.0,0.0,0.0,0.0,0.0,0.0,0.0,0.0,0.0,0.0,0.0,3,17,0.0,0.0,0.0,
Heterodrugs (MBA),2.4,0.0,0.0,0.0,0.0,0.0,0.0,0.0,0.0,0.0,0.0,0.0,0.0,0.0,0.0,0.0,3.0,3,17,0.0,0.0,0.0,
HUAWEI,7.4,2.0,5.0,0.0,1.0,0.0,0.0,0.0,0.0,0.0,0.0,0.0,0.0,0.0,0.0,0.0,0.0,8,17,0.0,0.0,0.0,
Babycell  (BioTech & MBA),7.8,0.0,0.0,0.0,0.0,0.0,0.0,0.0,0.0,4.0,0.0,0.0,0.0,0.0,0.0,0.0,2.0,6,17,0.0,0.0,0.0,
Godrej & Boyce Mfg. Co. Ltd,5.5,0.0,0.0,0.0,0.0,1.0,0.0,0.0,0.0,0.0,0.0,0.0,0.0,0.0,0.0,0.0,0.0,1,17,0.0,0.0,0.0,
Samsung,7.5,0.0,3.0,0.0,1.0,0.0,0.0,0.0,0.0,0.0,0.0,0.0,0.0,0.0,0.0,0.0,0.0,4,17,0.0,0.0,0.0,
Pernod -Ricard India Pvt Ltd,4.0,0.0,0.0,0.0,0.0,3.0,0.0,0.0,0.0,0.0,0.0,0.0,0.0,0.0,0.0,0.0,0.0,3,17,0.0,0.0,0.0,
Kent RO Systems Ltd.,4.2,0.0,0.0,0.0,0.0,0.0,0.0,0.0,0.0,0.0,0.0,0.0,0.0,0.0,0.0,0.0,7.0,7,17,0.0,0.0,0.0,
Aurobindo Pharma (Chemical),3.6,0.0,0.0,0.0,0.0,0.0,0.0,0.0,4.0,0.0,0.0,0.0,0.0,0.0,0.0,0.0,0.0,4,17,0.0,0.0,0.0,
Bonaven Software Pvt.Ltd,4.0,0.0,1.0,0.0,1.0,0.0,0.0,0.0,0.0,0.0,0.0,0.0,0.0,0.0,0.0,0.0,0.0,2,17,0.0,0.0,0.0,
Orient Cements,4.0,0.0,0.0,1.0,0.0,2.0,1.0,0.0,0.0,0.0,0.0,0.0,0.0,0.0,0.0,0.0,0.0,4,17,0.0,0.0,0.0,
GE India Technology,5.8,0.0,3.0,0.0,1.0,0.0,0.0,0.0,0.0,0.0,0.0,0.0,0.0,0.0,0.0,0.0,0.0,4,17,0.0,0.0,0.0,
Dr.Reddy's Labs,4.0,0.0,0.0,0.0,0.0,0.0,0.0,0.0,0.0,2.0,0.0,0.0,0.0,0.0,0.0,0.0,0.0,2,17,0.0,0.0,0.0,
BEL  (Bharat Electronics Limited),7.5,3.0,0.0,0.0,0.0,0.0,0.0,1.0,0.0,0.0,0.0,0.0,0.0,0.0,0.0,0.0,0.0,4,17,0.0,0.0,0.0,
Technoforce Solutions Pvt Ltd,4.5,0.0,0.0,0.0,0.0,0.0,0.0,0.0,1.0,0.0,0.0,0.0,0.0,0.0,0.0,0.0,0.0,1,17,0.0,0.0,0.0,
Infor,3.4,0.0,0.0,0.0,0.0,0.0,0.0,0.0,0.0,0.0,0.0,0.0,0.0,0.0,1.0,0.0,0.0,1,17,0.0,0.0,0.0,
Aurobindo Pharma (Mechanical),3.6,0.0,0.0,0.0,0.0,4.0,0.0,0.0,0.0,0.0,0.0,0.0,0.0,0.0,0.0,0.0,0.0,4,17,0.0,0.0,0.0,
Progress Software Internship,0.2,0.0,1.0,0.0,1.0,0.0,0.0,0.0,0.0,0.0,0.0,0.0,0.0,0.0,0.0,0.0,0.0,2,17,0.0,0.0,0.0,
Commscope Internship,0.2,0.0,5.0,0.0,1.0,0.0,0.0,0.0,0.0,0.0,0.0,0.0,0.0,0.0,0.0,0.0,0.0,6,17,0.0,0.0,0.0,
AMAZON  (Pooled),12.0,0.0,4.0,0.0,0.0,0.0,0.0,0.0,0.0,0.0,0.0,0.0,0.0,0.0,0.0,0.0,0.0,4,17,0.0,0.0,0.0,
ARECESIUM (DESHAW) (Pooled),15.0,0.0,4.0,0.0,1.0,0.0,0.0,0.0,0.0,0.0,0.0,0.0,0.0,0.0,0.0,0.0,0.0,5,17,0.0,0.0,0.0,
JPMC cfg,6.3,0.0,10.0,0.0,3.0,0.0,0.0,0.0,0.0,0.0,0.0,0.0,0.0,0.0,0.0,0.0,0.0,13,17,0.0,0.0,0.0,
Oracle GBU,9.0,0.0,9.0,0.0,7.0,0.0,0.0,0.0,0.0,0.0,0.0,0.0,0.0,0.0,0.0,0.0,0.0,16,17,0.0,0.0,0.0,
Deloitte,6.25,6.0,11.0,3.0,3.0,0.0,0.0,0.0,0.0,0.0,2.0,0.0,0.0,0.0,0.0,0.0,0.0,25,17,0.0,0.0,0.0,
Microsoft,9.78,0.0,6.0,0.0,2.0,0.0,0.0,0.0,0.0,0.0,0.0,0.0,0.0,0.0,0.0,0.0,0.0,8,17,0.0,0.0,0.0,
PEGA Systems,8.13,0.0,5.0,0.0,5.0,0.0,0.0,0.0,0.0,0.0,0.0,0.0,0.0,0.0,0.0,0.0,0.0,10,17,0.0,0.0,0.0,
Next Education Solutions,5.0,1.0,7.0,0.0,0.0,0.0,0.0,0.0,0.0,0.0,0.0,0.0,0.0,0.0,0.0,0.0,0.0,8,17,0.0,0.0,0.0,
Wells Fargo,5.5,2.0,9.0,0.0,1.0,0.0,0.0,0.0,0.0,0.0,0.0,0.0,0.0,0.0,0.0,0.0,0.0,12,17,0.0,0.0,0.0,
ITC,8.2,0.0,0.0,0.0,0.0,2.0,0.0,0.0,0.0,0.0,0.0,0.0,0.0,0.0,0.0,0.0,0.0,2,17,0.0,0.0,0.0,
NCR Corporation,5.5,7.0,10.0,0.0,5.0,0.0,0.0,0.0,0.0,0.0,0.0,0.0,0.0,0.0,0.0,0.0,0.0,22,17,0.0,0.0,0.0,
Cognizant,3.5,58.0,38.0,24.0,13.0,20.0,3.0,12.0,9.0,2.0,1.0,0.0,0.0,0.0,0.0,0.0,0.0,180,17,0.0,0.0,0.0,
Capgemini (Internship),0.12,0.0,0.0,0.0,0.0,0.0,0.0,0.0,0.0,0.0,1.0,2.0,0.0,0.0,0.0,0.0,0.0,3,17,0.0,0.0,0.0,
Infosys,3.28,63.0,41.0,23.0,7.0,30.0,9.0,19.0,12.0,5.0,0.0,0.0,0.0,0.0,0.0,0.0,0.0,209,17,0.0,0.0,0.0,
Infosys Pega Drive,4.45,0.0,12.0,0.0,6.0,0.0,0.0,0.0,0.0,0.0,0.0,0.0,0.0,0.0,0.0,0.0,0.0,18,17,0.0,0.0,0.0,
Wipro,3.3,48.0,31.0,26.0,17.0,28.0,6.0,6.0,3.0,3.0,0.0,0.0,0.0,0.0,0.0,0.0,0.0,168,17,0.0,0.0,0.0,
DELOITTE TAX (MBA),6.2,0.0,0.0,0.0,0.0,0.0,0.0,0.0,0.0,0.0,0.0,0.0,0.0,0.0,0.0,0.0,6.0,6,17,0.0,0.0,0.0,
Accenture,3.5,94.0,74.0,41.0,23.0,31.0,15.0,24.0,17.0,18.0,3.0,0.0,0.0,0.0,0.0,0.0,0.0,340,17,0.0,0.0,0.0,
ION Trading,12.0,0.0,1.0,0.0,0.0,0.0,0.0,0.0,0.0,0.0,0.0,0.0,0.0,0.0,0.0,0.0,0.0,1,17,0.0,0.0,0.0,
PERVACIO,12.0,0.0,3.0,0.0,0.0,0.0,0.0,0.0,0.0,0.0,0.0,0.0,0.0,0.0,0.0,0.0,0.0,3,17,0.0,0.0,0.0,
ZENSAR Pega Drive,5.0,0.0,3.0,0.0,2.0,0.0,0.0,0.0,0.0,0.0,0.0,0.0,0.0,0.0,0.0,0.0,0.0,5,17,0.0,0.0,0.0,
HYUNDAI,3.5,0.0,0.0,0.0,0.0,0.0,0.0,0.0,0.0,0.0,0.0,0.0,0.0,0.0,2.0,0.0,0.0,2,17,0.0,0.0,0.0,
Capgemini,3.5,26.0,10.0,10.0,2.0,0.0,0.0,0.0,0.0,0.0,0.0,0.0,0.0,0.0,0.0,0.0,0.0,48,17,0.0,0.0,0.0,
TCS,4.5,0.0,18.0,0.0,8.0,0.0,0.0,0.0,0.0,0.0,0.0,0.0,0.0,0.0,0.0,0.0,0.0,26,17,0.0,0.0,0.0,
iBgroup (Pooled),18.0,0.0,1.0,1.0,0.0,0.0,0.0,0.0,0.0,0.0,0.0,0.0,0.0,0.0,0.0,0.0,0.0,2,17,0.0,0.0,0.0,
CA Technology,6.0,0.0,1.0,0.0,2.0,0.0,0.0,0.0,0.0,0.0,0.0,0.0,0.0,0.0,0.0,0.0,0.0,3,17,0.0,0.0,0.0,
ELEATION Academy,5.5,0.0,0.0,0.0,0.0,22.0,5.0,15.0,0.0,0.0,0.0,0.0,0.0,0.0,0.0,0.0,0.0,42,17,0.0,0.0,0.0,
Franklin Templeton (MBA),3.45,0.0,0.0,0.0,0.0,0.0,0.0,0.0,0.0,0.0,0.0,0.0,0.0,0.0,0.0,0.0,13.0,13,17,0.0,0.0,0.0,
Virtusa Polaris with Pega,4.0,0.0,2.0,0.0,2.0,0.0,0.0,0.0,0.0,0.0,0.0,0.0,0.0,0.0,0.0,0.0,0.0,4,17,0.0,0.0,0.0,
Mobis Technical Center of India,4.97,0.0,0.0,0.0,0.0,0.0,0.0,0.0,0.0,0.0,0.0,0.0,0.0,0.0,0.0,0.0,0.0,0,17,0.0,0.0,0.0,
Hexagon Center India Pvt Ltd,4.85,0.0,3.0,0.0,0.0,0.0,1.0,1.0,0.0,0.0,0.0,0.0,0.0,0.0,0.0,0.0,0.0,5,17,0.0,0.0,0.0,
Verity Knowledge Solutions,3.5,0.0,0.0,0.0,0.0,0.0,0.0,0.0,0.0,0.0,0.0,0.0,0.0,0.0,0.0,0.0,3.0,3,17,0.0,0.0,0.0,
Progress Software (Internship),0.12,0.0,0.0,0.0,0.0,0.0,0.0,0.0,0.0,0.0,2.0,0.0,0.0,0.0,0.0,0.0,0.0,2,17,0.0,0.0,0.0,
Karvy Stock Broking Ltd   (MBA),6.0,0.0,0.0,0.0,0.0,0.0,0.0,0.0,0.0,0.0,0.0,0.0,0.0,0.0,0.0,0.0,6.0,6,17,0.0,0.0,0.0,
AMAZON,2.9,0.0,0.0,0.0,0.0,0.0,1.0,1.0,0.0,0.0,0.0,0.0,0.0,0.0,1.0,0.0,0.0,3,17,0.0,0.0,0.0,
JustDial (MBA),3.12,0.0,0.0,0.0,0.0,0.0,0.0,0.0,0.0,0.0,0.0,0.0,0.0,0.0,0.0,0.0,9.0,9,17,0.0,0.0,0.0,
Bank of America,4.0,6.0,7.0,0.0,2.0,3.0,0.0,1.0,1.0,2.0,0.0,0.0,0.0,0.0,0.0,0.0,0.0,22,17,0.0,0.0,0.0,
Dr.Reddy's Labs,6.5,0.0,0.0,0.0,0.0,0.0,0.0,0.0,0.0,5.0,0.0,0.0,0.0,0.0,0.0,0.0,0.0,5,17,0.0,0.0,0.0,
GE (Internship),0.21,0.0,0.0,0.0,0.0,0.0,0.0,0.0,0.0,0.0,0.0,1.0,0.0,1.0,0.0,0.0,0.0,2,17,0.0,0.0,0.0,
"GE Corporation Consultant
Internship M.E",0.2,0.0,0.0,0.0,0.0,0.0,0.0,0.0,0.0,0.0,0.0,1.0,0.0,1.0,0.0,0.0,0.0,2,17,0.0,0.0,0.0,
HIL Limited,4.5,0.0,0.0,0.0,0.0,0.0,0.0,0.0,2.0,0.0,0.0,0.0,0.0,0.0,0.0,0.0,0.0,2,17,0.0,0.0,0.0,
"GE Corporation Consultant
Internship M.E",0.2,0.0,0.0,0.0,0.0,0.0,0.0,0.0,0.0,0.0,0.0,1.0,0.0,1.0,0.0,0.0,0.0,2,17,0.0,0.0,0.0,
HIL Limited,4.5,0.0,0.0,0.0,0.0,0.0,0.0,0.0,2.0,0.0,0.0,0.0,0.0,0.0,0.0,0.0,0.0,2,17,0.0,0.0,0.0,
"GE Appliances, Haier, non-GE",6.4,0.0,1.0,0.0,0.0,0.0,0.0,0.0,0.0,0.0,0.0,0.0,0.0,0.0,0.0,0.0,0.0,1,17,0.0,0.0,0.0,
UBER,3.7,0.0,0.0,0.0,0.0,1.0,1.0,0.0,0.0,1.0,0.0,0.0,0.0,0.0,0.0,0.0,0.0,3,17,0.0,0.0,0.0,
ServiceNow,9.8,0.0,2.0,0.0,0.0,0.0,0.0,0.0,0.0,0.0,0.0,0.0,0.0,0.0,0.0,0.0,0.0,2,17,0.0,0.0,0.0,
ICICI MBA,3.0,0.0,0.0,0.0,0.0,0.0,0.0,0.0,0.0,0.0,0.0,0.0,0.0,0.0,0.0,0.0,4.0,4,17,0.0,0.0,0.0,
GE Corporation Consultant Internship M.E,2.4,0.0,0.0,0.0,0.0,0.0,0.0,0.0,0.0,0.0,0.0,1.0,0.0,1.0,0.0,0.0,0.0,2,18,0.0,0.0,0.0,
HIL Limited,4.5,0.0,0.0,0.0,0.0,0.0,0.0,0.0,3.0,0.0,0.0,0.0,0.0,0.0,0.0,0.0,0.0,3,18,0.0,0.0,0.0,
"GE Appliances, Haier, non-GE",6.4,0.0,1.0,0.0,0.0,0.0,0.0,0.0,0.0,0.0,0.0,0.0,0.0,0.0,0.0,0.0,0.0,1,18,0.0,0.0,0.0,
UBER,3.7,0.0,0.0,0.0,0.0,1.0,1.0,0.0,0.0,1.0,0.0,0.0,0.0,0.0,0.0,0.0,0.0,3,18,0.0,0.0,0.0,
ServiceNow 9.8lpa,9.8,0.0,2.0,0.0,0.0,0.0,0.0,0.0,0.0,0.0,0.0,0.0,0.0,0.0,0.0,0.0,0.0,2,18,0.0,0.0,0.0,
Deloitte Internship,0.3,0.0,4.0,0.0,1.0,0.0,0.0,0.0,0.0,0.0,0.0,0.0,0.0,0.0,0.0,0.0,0.0,5,18,0.0,0.0,0.0,
ICICI MBA,3.0,0.0,0.0,0.0,0.0,0.0,0.0,0.0,0.0,0.0,0.0,0.0,0.0,0.0,0.0,0.0,4.0,4,18,0.0,0.0,0.0,
NEULAND,3.5,0.0,0.0,0.0,0.0,2.0,0.0,0.0,0.0,0.0,0.0,0.0,0.0,0.0,0.0,0.0,0.0,2,18,0.0,0.0,0.0,
Multiplier solutions,6.0,2.0,6.0,0.0,0.0,1.0,2.0,4.0,3.0,0.0,0.0,0.0,0.0,0.0,0.0,0.0,0.0,18,18,0.0,0.0,0.0,
Dr.Reddy Labs,6.5,0.0,0.0,0.0,0.0,0.0,0.0,0.0,3.0,0.0,0.0,0.0,0.0,0.0,0.0,0.0,0.0,3,18,0.0,0.0,0.0,
Synactive India Pvt Ltd,6.0,0.0,1.0,0.0,0.0,0.0,0.0,0.0,0.0,0.0,0.0,0.0,0.0,0.0,0.0,0.0,0.0,1,18,0.0,0.0,0.0,
Aurobindo Pharma (Chemical),3.6,0.0,0.0,0.0,0.0,0.0,0.0,0.0,3.0,0.0,0.0,0.0,0.0,0.0,0.0,0.0,0.0,3,18,0.0,0.0,0.0,
ORACLE Poole,9.0,0.0,1.0,0.0,0.0,0.0,0.0,0.0,0.0,0.0,0.0,0.0,0.0,0.0,0.0,0.0,0.0,1,18,0.0,0.0,0.0,
Medha Servo Drives Pvt. Ltd,3.0,1.0,0.0,0.0,0.0,0.0,0.0,0.0,0.0,0.0,0.0,0.0,0.0,0.0,0.0,0.0,0.0,1,18,0.0,0.0,0.0,
iB Hubs internship,3.0,0.0,9.0,1.0,3.0,1.0,1.0,0.0,0.0,0.0,0.0,0.0,0.0,0.0,0.0,0.0,0.0,15,18,0.0,0.0,0.0,
Inspirage,4.8,1.0,1.0,0.0,0.0,0.0,0.0,0.0,0.0,0.0,0.0,0.0,0.0,0.0,0.0,0.0,0.0,2,18,0.0,0.0,0.0,
Electronics Arts Games (EA),9.9,0.0,1.0,0.0,0.0,0.0,0.0,0.0,0.0,0.0,0.0,0.0,0.0,0.0,0.0,0.0,0.0,1,18,0.0,0.0,0.0,
BEL (Bharat Electronics Limited),8.6,4.0,1.0,0.0,0.0,3.0,0.0,0.0,0.0,0.0,0.0,0.0,0.0,0.0,0.0,0.0,0.0,8,18,0.0,0.0,0.0,
Ramky Enviro Engineers Limited,2.4,0.0,0.0,0.0,0.0,5.0,0.0,1.0,1.0,0.0,0.0,0.0,0.0,0.0,0.0,0.0,2.0,9,18,0.0,0.0,0.0,
CoreCompete (iphigroup),4.2,5.0,1.0,0.0,0.0,0.0,0.0,0.0,0.0,0.0,0.0,0.0,0.0,0.0,0.0,0.0,0.0,6,18,0.0,0.0,0.0,
Orient cement,4.0,0.0,0.0,2.0,0.0,2.0,0.0,0.0,0.0,0.0,0.0,0.0,0.0,0.0,0.0,0.0,0.0,4,18,0.0,0.0,0.0,
Spyry Technology  (Internship),3.0,1.0,10.0,0.0,1.0,0.0,0.0,0.0,0.0,0.0,0.0,0.0,0.0,0.0,0.0,0.0,0.0,12,18,0.0,0.0,0.0,
Avaya India Pvt Ltd Internship,1.8,0.0,0.0,0.0,0.0,0.0,0.0,0.0,0.0,0.0,0.0,0.0,0.0,0.0,0.0,0.0,0.0,1,18,1.0,0.0,0.0,
Bajaj Allianz  MBA,3.3,0.0,0.0,0.0,0.0,0.0,0.0,0.0,0.0,0.0,0.0,0.0,0.0,0.0,0.0,0.0,6.0,6,18,0.0,0.0,0.0,
Aarvee Associates,3.5,0.0,0.0,0.0,0.0,0.0,0.0,2.0,0.0,0.0,0.0,0.0,0.0,0.0,0.0,0.0,0.0,2,18,0.0,0.0,0.0,
ORACLE Poole,6.0,0.0,1.0,0.0,0.0,0.0,0.0,0.0,0.0,0.0,0.0,0.0,0.0,0.0,0.0,0.0,0.0,1,18,0.0,0.0,0.0,
Bosch Limited,4.0,0.0,0.0,1.0,0.0,0.0,0.0,0.0,0.0,0.0,0.0,0.0,0.0,0.0,0.0,0.0,0.0,1,18,0.0,0.0,0.0,
Hyundai Motor India Engineering,3.5,0.0,0.0,0.0,0.0,1.0,0.0,0.0,0.0,0.0,0.0,0.0,0.0,0.0,0.0,0.0,0.0,1,18,0.0,0.0,0.0,
CPF (India) Pvt Ltd,4.8,0.0,0.0,0.0,0.0,0.0,0.0,0.0,0.0,0.0,0.0,0.0,0.0,0.0,0.0,0.0,8.0,8,18,0.0,0.0,0.0,
CA Technology  (Internship),1.5,0.0,3.0,0.0,0.0,0.0,0.0,0.0,0.0,0.0,0.0,0.0,0.0,0.0,0.0,0.0,0.0,3,18,0.0,0.0,0.0,
Dr.Reddy Labs,6.5,0.0,0.0,0.0,0.0,2.0,0.0,0.0,0.0,0.0,0.0,0.0,0.0,0.0,0.0,0.0,0.0,2,18,0.0,0.0,0.0,
Byju's,7.0,3.0,2.0,0.0,0.0,3.0,0.0,1.0,0.0,3.0,0.0,0.0,0.0,0.0,0.0,0.0,0.0,12,18,0.0,0.0,0.0,
Netcracker Technology,5.5,3.0,3.0,0.0,1.0,0.0,0.0,0.0,0.0,0.0,0.0,0.0,0.0,0.0,0.0,0.0,0.0,7,18,0.0,0.0,0.0,
BEL (Bharat Electronics Limited),8.6,3.0,0.0,0.0,0.0,0.0,0.0,0.0,0.0,0.0,0.0,0.0,0.0,0.0,0.0,0.0,0.0,3,18,0.0,0.0,0.0,
Microsoft Codess (Internship),5.4,0.0,1.0,0.0,0.0,0.0,0.0,0.0,0.0,0.0,0.0,0.0,0.0,0.0,0.0,0.0,0.0,1,18,0.0,0.0,0.0,
TCS Internship (pool),1.2,0.0,1.0,0.0,0.0,0.0,0.0,0.0,0.0,0.0,0.0,0.0,0.0,0.0,0.0,0.0,0.0,1,18,0.0,0.0,0.0,
Defteam Solutions Pvt.Ltd,3.5,0.0,0.0,0.0,0.0,0.0,0.0,0.0,0.0,0.0,1.0,0.0,0.0,0.0,0.0,0.0,0.0,1,18,0.0,0.0,0.0,
RDC Concrete,3.5,0.0,0.0,0.0,0.0,0.0,0.0,1.0,0.0,0.0,0.0,0.0,0.0,0.0,0.0,0.0,0.0,1,18,0.0,0.0,0.0,
JPMC  cfg,6.5,0.0,15.0,0.0,3.0,0.0,0.0,0.0,0.0,0.0,0.0,0.0,0.0,0.0,0.0,0.0,0.0,18,18,0.0,0.0,0.0,
Accolite,10.0,0.0,0.0,0.0,1.0,0.0,0.0,0.0,0.0,0.0,0.0,0.0,0.0,0.0,0.0,0.0,0.0,1,18,0.0,0.0,0.0,
Oracle GBU,9.5,0.0,2.0,0.0,2.0,0.0,0.0,0.0,0.0,0.0,0.0,0.0,0.0,0.0,0.0,0.0,0.0,4,18,0.0,0.0,0.0,
Deloitte,6.2,11.0,13.0,3.0,6.0,0.0,0.0,0.0,0.0,0.0,0.0,0.0,0.0,0.0,0.0,0.0,0.0,33,18,0.0,0.0,0.0,
Next Education Solutions,7.0,3.0,5.0,0.0,2.0,0.0,0.0,0.0,0.0,0.0,0.0,0.0,0.0,0.0,0.0,0.0,0.0,10,18,0.0,0.0,0.0,
CoreCompete,7.0,0.0,3.0,0.0,0.0,0.0,0.0,0.0,1.0,0.0,1.0,0.0,0.0,0.0,0.0,0.0,0.0,5,18,0.0,0.0,0.0,
Deloitte tax  (MBA),5.6,0.0,0.0,0.0,0.0,0.0,0.0,0.0,0.0,0.0,0.0,0.0,0.0,0.0,0.0,0.0,3.0,3,18,0.0,0.0,0.0,
OYO,10.5,0.0,3.0,0.0,0.0,0.0,0.0,0.0,0.0,0.0,0.0,0.0,0.0,0.0,0.0,0.0,0.0,3,18,0.0,0.0,0.0,
Mroads,7.0,1.0,0.0,0.0,0.0,0.0,0.0,0.0,0.0,0.0,0.0,0.0,0.0,0.0,0.0,0.0,0.0,1,18,0.0,0.0,0.0,
ServiceNow 10.9lpa,10.9,0.0,3.0,0.0,0.0,0.0,0.0,0.0,0.0,0.0,0.0,0.0,0.0,0.0,0.0,0.0,0.0,3,18,0.0,0.0,0.0,
CA Technology,6.0,0.0,7.0,0.0,2.0,0.0,0.0,0.0,0.0,0.0,0.0,0.0,0.0,0.0,0.0,0.0,0.0,9,18,0.0,0.0,0.0,
CoreCompete,7.0,0.0,0.0,0.0,1.0,0.0,0.0,0.0,0.0,0.0,0.0,0.0,0.0,0.0,0.0,0.0,0.0,1,18,0.0,0.0,0.0,
Infosys,3.3,32.0,44.0,10.0,17.0,16.0,2.0,6.0,1.0,2.0,0.0,1.0,0.0,0.0,0.0,0.0,0.0,132,18,0.0,0.0,1.0,
Accenture,3.5,101.0,54.0,34.0,25.0,35.0,14.0,23.0,6.0,7.0,4.0,0.0,0.0,0.0,0.0,0.0,0.0,303,18,0.0,0.0,0.0,
NCR Corporation,5.5,8.0,7.0,0.0,2.0,0.0,0.0,0.0,0.0,0.0,0.0,0.0,0.0,0.0,0.0,0.0,0.0,17,18,0.0,0.0,0.0,
Technipfmc,5.7,0.0,0.0,0.0,0.0,4.0,0.0,0.0,0.0,0.0,0.0,0.0,0.0,0.0,0.0,0.0,0.0,4,18,0.0,0.0,0.0,
Wipro,3.3,12.0,13.0,4.0,9.0,0.0,1.0,0.0,0.0,0.0,0.0,0.0,0.0,0.0,0.0,0.0,0.0,39,18,0.0,0.0,0.0,
Capgemini,3.2,16.0,5.0,1.0,3.0,1.0,1.0,0.0,1.0,0.0,0.0,0.0,0.0,0.0,0.0,0.0,0.0,28,18,0.0,0.0,0.0,
Mindtree Ltd Pool,3.3,7.0,1.0,0.0,1.0,0.0,0.0,0.0,0.0,0.0,0.0,0.0,0.0,0.0,0.0,0.0,0.0,9,18,0.0,0.0,0.0,
"GE Appliances, a Haier",6.4,0.0,2.0,0.0,0.0,0.0,0.0,0.0,0.0,0.0,0.0,0.0,0.0,0.0,0.0,0.0,0.0,2,18,0.0,0.0,0.0,
Intellect Design Arena,5.0,0.0,8.0,0.0,7.0,0.0,0.0,0.0,0.0,0.0,0.0,0.0,0.0,0.0,0.0,0.0,0.0,15,18,0.0,0.0,0.0,
Intellect Design Arena (Internship),2.2,0.0,0.0,0.0,0.0,0.0,0.0,0.0,0.0,0.0,4.0,0.0,0.0,0.0,0.0,0.0,0.0,4,18,0.0,0.0,0.0,
DBS Asia Hub 2,10.0,0.0,12.0,0.0,4.0,0.0,0.0,0.0,0.0,0.0,0.0,0.0,0.0,0.0,0.0,0.0,0.0,16,18,0.0,0.0,0.0,
EZE Software,6.0,0.0,2.0,0.0,0.0,0.0,0.0,0.0,0.0,0.0,0.0,0.0,0.0,0.0,0.0,0.0,0.0,2,18,0.0,0.0,0.0,
Microsoft (Internship),5.4,0.0,1.0,0.0,0.0,0.0,0.0,0.0,0.0,0.0,0.0,0.0,0.0,0.0,0.0,0.0,0.0,1,18,0.0,0.0,0.0,
Franklin Templeton (MBA),3.5,0.0,0.0,0.0,0.0,0.0,0.0,0.0,0.0,0.0,0.0,0.0,0.0,0.0,0.0,0.0,15.0,15,18,0.0,0.0,0.0,
AMD India Pvt Ltd (Internship),3.4,0.0,0.0,0.0,0.0,0.0,0.0,0.0,0.0,0.0,0.0,0.0,0.0,0.0,0.0,0.0,0.0,2,18,2.0,0.0,0.0,
Karvy Stock Broking  (MBA),2.5,0.0,0.0,0.0,0.0,0.0,0.0,0.0,0.0,0.0,0.0,0.0,0.0,0.0,0.0,0.0,10.0,10,18,0.0,0.0,0.0,
Microsoft IGD,10.8,0.0,2.0,0.0,1.0,0.0,0.0,0.0,0.0,0.0,0.0,0.0,0.0,0.0,0.0,0.0,0.0,3,18,0.0,0.0,0.0,
MRF Ltd (MBA),4.3,0.0,0.0,0.0,0.0,0.0,0.0,0.0,0.0,0.0,0.0,0.0,0.0,0.0,0.0,0.0,4.0,4,18,0.0,0.0,0.0,
ITC Ltd,8.5,0.0,0.0,1.0,0.0,0.0,0.0,0.0,0.0,0.0,0.0,0.0,0.0,0.0,0.0,0.0,0.0,1,18,0.0,0.0,0.0,
IVY Comptech,7.0,1.0,1.0,0.0,0.0,0.0,0.0,0.0,0.0,0.0,0.0,0.0,0.0,0.0,0.0,0.0,0.0,2,18,0.0,0.0,0.0,
Bank of America,4.3,6.0,12.0,0.0,1.0,0.0,0.0,0.0,0.0,0.0,0.0,0.0,0.0,0.0,0.0,0.0,0.0,19,18,0.0,0.0,0.0,
ICICI Securities MBA Pool,4.0,0.0,0.0,0.0,0.0,0.0,0.0,0.0,0.0,0.0,0.0,0.0,0.0,0.0,0.0,0.0,6.0,6,18,0.0,0.0,0.0,
HIL,5.5,1.0,0.0,0.0,0.0,0.0,0.0,0.0,0.0,0.0,0.0,0.0,0.0,0.0,0.0,0.0,0.0,1,18,0.0,0.0,0.0,
"Cognizant ""NEXT""",6.5,1.0,3.0,0.0,1.0,0.0,0.0,0.0,0.0,0.0,0.0,0.0,0.0,0.0,0.0,0.0,0.0,5,18,0.0,0.0,0.0,
HSBC,7.0,0.0,1.0,0.0,1.0,0.0,0.0,0.0,0.0,0.0,0.0,0.0,0.0,0.0,0.0,0.0,0.0,2,18,0.0,0.0,0.0,
Kotak Life Insurance (pool),3.5,0.0,0.0,0.0,0.0,0.0,0.0,0.0,0.0,0.0,0.0,0.0,0.0,0.0,0.0,0.0,6.0,6,18,0.0,0.0,0.0,
Capital First Limited,6.6,0.0,0.0,0.0,0.0,0.0,0.0,0.0,0.0,0.0,0.0,0.0,0.0,0.0,0.0,0.0,1.0,1,18,0.0,0.0,0.0,
Godrej Boyce & Mfg Co Ltd,5.5,0.0,0.0,1.0,0.0,1.0,0.0,0.0,0.0,0.0,0.0,0.0,0.0,0.0,0.0,0.0,0.0,2,18,0.0,0.0,0.0,
Tata Projects,4.0,0.0,0.0,0.0,0.0,0.0,0.0,3.0,0.0,0.0,0.0,0.0,0.0,0.0,0.0,0.0,0.0,3,18,0.0,0.0,0.0,
Orient cement,4.0,0.0,0.0,2.0,0.0,1.0,0.0,0.0,1.0,0.0,0.0,0.0,0.0,0.0,0.0,0.0,0.0,4,18,0.0,0.0,0.0,
Franklin Templeton,4.8,0.0,10.0,0.0,0.0,0.0,0.0,0.0,0.0,0.0,0.0,0.0,0.0,0.0,0.0,0.0,0.0,10,18,0.0,0.0,0.0,
KPIT Technologies Ltd  Internship,2.4,0.0,0.0,0.0,0.0,0.0,0.0,0.0,0.0,0.0,0.0,2.0,0.0,0.0,0.0,0.0,0.0,2,18,0.0,0.0,0.0,
Hetero Drugs,2.0,0.0,4.0,0.0,0.0,0.0,0.0,0.0,2.0,0.0,0.0,0.0,0.0,0.0,0.0,0.0,0.0,6,18,0.0,0.0,0.0,
DXC Technologies  (pool),3.9,0.0,0.0,0.0,0.0,0.0,0.0,0.0,0.0,0.0,0.0,0.0,0.0,0.0,0.0,0.0,2.0,2,18,0.0,0.0,0.0,
Dr.Reddy Labs,4.0,0.0,0.0,0.0,0.0,4.0,0.0,0.0,1.0,0.0,0.0,0.0,0.0,0.0,0.0,0.0,0.0,5,18,0.0,0.0,0.0,
Ramco Cements MBA,5.0,0.0,0.0,0.0,0.0,0.0,0.0,0.0,0.0,0.0,0.0,0.0,0.0,0.0,0.0,0.0,3.0,3,18,0.0,0.0,0.0,
Byju's,9.0,0.0,0.0,0.0,0.0,4.0,2.0,0.0,1.0,0.0,0.0,0.0,0.0,0.0,1.0,0.0,1.0,9,18,0.0,0.0,0.0,
IndiaMART InterMESH Ltd.,2.5,0.0,0.0,0.0,0.0,0.0,0.0,0.0,0.0,0.0,0.0,0.0,0.0,0.0,0.0,0.0,4.0,4,18,0.0,0.0,0.0,
ITC Ltd   MBA,4.0,0.0,0.0,0.0,0.0,0.0,0.0,0.0,0.0,0.0,0.0,0.0,0.0,0.0,0.0,0.0,1.0,1,18,0.0,0.0,0.0,
XSEED Education,11.0,0.0,0.0,0.0,0.0,0.0,1.0,0.0,0.0,0.0,0.0,0.0,0.0,0.0,0.0,0.0,0.0,1,18,0.0,0.0,0.0,
Darwinbox,4.5,0.0,0.0,0.0,0.0,1.0,0.0,0.0,0.0,0.0,0.0,0.0,0.0,0.0,0.0,0.0,0.0,1,18,0.0,0.0,0.0,
DATAWISE,3.5,0.0,2.0,0.0,0.0,0.0,0.0,0.0,0.0,0.0,0.0,0.0,0.0,0.0,0.0,0.0,0.0,2,18,0.0,0.0,0.0,
Sai Life Sciences,3.0,0.0,0.0,0.0,0.0,0.0,0.0,0.0,5.0,0.0,0.0,0.0,0.0,0.0,0.0,0.0,0.0,5,18,0.0,0.0,0.0,
Hexagon Capability Center India Pvt. Ltd.,5.0,0.0,3.0,0.0,0.0,1.0,0.0,0.0,0.0,0.0,0.0,0.0,0.0,0.0,0.0,0.0,0.0,4,18,0.0,0.0,0.0,
Deloitte MBA Internship,3.0,0.0,0.0,0.0,0.0,0.0,0.0,0.0,0.0,0.0,0.0,0.0,0.0,0.0,0.0,0.0,5.0,5,19,0.0,0.0,0.0,
Hetero Drugs,2.0,0.0,4.0,0.0,0.0,0.0,0.0,0.0,0.0,0.0,0.0,0.0,0.0,0.0,0.0,0.0,0.0,4,19,0.0,0.0,0.0,
CA Technology,6.0,0.0,1.0,0.0,0.0,0.0,0.0,0.0,0.0,0.0,0.0,0.0,0.0,0.0,0.0,0.0,0.0,1,19,0.0,0.0,0.0,
Mytrah Energy Pvt. Ltd.,3.0,0.0,0.0,5.0,0.0,0.0,0.0,3.0,0.0,0.0,0.0,0.0,0.0,0.0,0.0,0.0,0.0,8,19,0.0,0.0,0.0,
Cognizant - (MBA-HR),4.6,0.0,0.0,0.0,0.0,0.0,0.0,0.0,0.0,0.0,0.0,0.0,0.0,0.0,0.0,0.0,1.0,1,19,0.0,0.0,0.0,
Microsoft (Off Campus) 2019,36.0,0.0,1.0,0.0,0.0,0.0,0.0,0.0,0.0,0.0,0.0,0.0,0.0,0.0,0.0,0.0,0.0,1,19,0.0,0.0,0.0,
MY HOME GROUP,2.4,0.0,0.0,0.0,0.0,0.0,0.0,1.0,0.0,0.0,0.0,0.0,0.0,0.0,0.0,0.0,0.0,1,19,0.0,0.0,0.0,
Aurobindo,3.5,0.0,0.0,0.0,0.0,6.0,0.0,0.0,1.0,1.0,0.0,0.0,0.0,0.0,0.0,0.0,0.0,8,19,0.0,0.0,0.0,
Cognizant Pool,3.4,4.0,2.0,2.0,0.0,2.0,0.0,0.0,0.0,0.0,0.0,0.0,1.0,0.0,0.0,0.0,0.0,11,19,0.0,0.0,0.0,
Verity Knowledge Solutions,3.8,0.0,0.0,0.0,0.0,0.0,0.0,0.0,0.0,0.0,0.0,0.0,0.0,0.0,0.0,0.0,1.0,1,19,0.0,0.0,0.0,
JPMC cfg,9.0,1.0,12.0,0.0,7.0,0.0,0.0,0.0,0.0,0.0,0.0,0.0,0.0,0.0,0.0,0.0,0.0,20,19,0.0,0.0,0.0,
Samsung R&D  PPO,7.5,0.0,3.0,0.0,0.0,0.0,0.0,0.0,0.0,0.0,0.0,0.0,0.0,0.0,0.0,0.0,0.0,3,19,0.0,0.0,0.0,
Deloitte,6.2,19.0,11.0,3.0,9.0,0.0,0.0,0.0,0.0,0.0,2.0,0.0,0.0,0.0,0.0,0.0,0.0,44,19,0.0,0.0,0.0,
Oracle,9.5,0.0,15.0,0.0,3.0,0.0,0.0,0.0,0.0,0.0,0.0,0.0,0.0,0.0,0.0,0.0,0.0,18,19,0.0,0.0,0.0,
Microsoft 2019,39.0,0.0,3.0,0.0,0.0,0.0,0.0,0.0,0.0,0.0,0.0,0.0,0.0,0.0,0.0,0.0,0.0,3,19,0.0,0.0,0.0,
ServiceNow,10.9,0.0,1.0,0.0,1.0,0.0,0.0,0.0,0.0,0.0,0.0,0.0,0.0,0.0,0.0,0.0,0.0,2,19,0.0,0.0,0.0,
Wipro ,3.2,0.0,1.0,0.0,0.0,0.0,1.0,0.0,0.0,0.0,0.0,0.0,0.0,0.0,0.0,0.0,0.0,2,19,0.0,0.0,0.0,
NCR Corporation,7.0,5.0,10.0,0.0,3.0,0.0,0.0,0.0,0.0,0.0,0.0,0.0,0.0,0.0,0.0,0.0,0.0,18,19,0.0,0.0,0.0,
DarwinBox,6.6,1.0,1.0,0.0,0.0,0.0,0.0,0.0,0.0,0.0,0.0,0.0,0.0,0.0,0.0,0.0,0.0,2,19,0.0,0.0,0.0,
Value Labs,12.0,0.0,1.0,0.0,0.0,0.0,0.0,0.0,0.0,0.0,0.0,0.0,0.0,0.0,0.0,0.0,0.0,1,19,0.0,0.0,0.0,
EZE Software,6.4,0.0,2.0,0.0,0.0,0.0,0.0,0.0,0.0,0.0,0.0,0.0,0.0,0.0,0.0,0.0,0.0,2,19,0.0,0.0,0.0,
Bank of America,4.3,4.0,16.0,0.0,10.0,0.0,0.0,0.0,0.0,0.0,0.0,0.0,0.0,0.0,0.0,0.0,0.0,30,19,0.0,0.0,0.0,
TechnipFMC,6.0,0.0,0.0,0.0,0.0,4.0,2.0,0.0,0.0,0.0,0.0,0.0,0.0,0.0,0.0,0.0,0.0,6,19,0.0,0.0,0.0,
Deloitte Tax (MBA),6.0,0.0,0.0,0.0,0.0,0.0,0.0,0.0,0.0,0.0,0.0,0.0,0.0,0.0,0.0,0.0,9.0,9,19,0.0,0.0,0.0,
"HackwithiInfy (Infosys)         Power
Programmer Role",8.0,0.0,2.0,0.0,1.0,0.0,0.0,0.0,0.0,0.0,0.0,0.0,0.0,0.0,0.0,0.0,0.0,3,19,0.0,0.0,0.0,
Epam Systems,6.0,0.0,2.0,0.0,1.0,0.0,0.0,0.0,0.0,0.0,0.0,0.0,0.0,0.0,0.0,0.0,0.0,3,19,0.0,0.0,0.0,
Capgemini,3.5,42.0,25.0,11.0,21.0,9.0,0.0,3.0,1.0,1.0,0.0,0.0,0.0,0.0,0.0,0.0,0.0,113,19,0.0,0.0,0.0,
Cognizant,3.4,37.0,42.0,18.0,26.0,14.0,1.0,4.0,1.0,1.0,0.0,0.0,0.0,0.0,0.0,0.0,0.0,144,19,0.0,0.0,0.0,
Infosys,3.6,70.0,52.0,31.0,42.0,34.0,6.0,15.0,1.0,6.0,2.0,0.0,0.0,0.0,0.0,0.0,0.0,259,19,0.0,0.0,0.0,
Infosys System Engineer Role,5.0,0.0,6.0,0.0,2.0,0.0,0.0,0.0,0.0,0.0,0.0,0.0,0.0,0.0,0.0,0.0,0.0,8,19,0.0,0.0,0.0,
VEDA IIT,3.6,14.0,0.0,0.0,0.0,0.0,0.0,0.0,0.0,0.0,0.0,0.0,0.0,0.0,0.0,0.0,0.0,14,19,0.0,0.0,0.0,
Merilytics  Core,4.6,0.0,6.0,2.0,1.0,0.0,0.0,0.0,0.0,0.0,0.0,0.0,0.0,0.0,0.0,0.0,0.0,9,19,0.0,0.0,0.0,
TCS ,3.4,24.0,10.0,6.0,10.0,2.0,1.0,0.0,0.0,0.0,0.0,0.0,0.0,0.0,0.0,0.0,0.0,53,19,0.0,0.0,0.0,
Tata Elxsi Core,3.5,11.0,2.0,2.0,2.0,0.0,0.0,0.0,0.0,0.0,0.0,0.0,0.0,0.0,0.0,0.0,0.0,17,19,0.0,0.0,0.0,
Tata Elxsi Core,5.5,0.0,0.0,0.0,1.0,0.0,0.0,0.0,0.0,0.0,0.0,0.0,0.0,0.0,0.0,0.0,0.0,1,19,0.0,0.0,0.0,
Accenture,4.0,29.0,20.0,31.0,18.0,0.0,0.0,0.0,0.0,0.0,5.0,0.0,0.0,0.0,0.0,0.0,0.0,103,19,0.0,0.0,0.0,
PH Technologies,4.0,0.0,0.0,0.0,3.0,0.0,0.0,0.0,0.0,0.0,0.0,0.0,0.0,0.0,0.0,0.0,0.0,3,19,0.0,0.0,0.0,
Wells Fargo,6.4,2.0,4.0,1.0,4.0,0.0,0.0,0.0,0.0,0.0,0.0,0.0,0.0,0.0,0.0,0.0,0.0,11,19,0.0,0.0,0.0,
"GE Appliances, a Haier company",6.3,0.0,2.0,0.0,2.0,0.0,0.0,0.0,0.0,0.0,0.0,0.0,0.0,0.0,0.0,0.0,0.0,4,19,0.0,0.0,0.0,
Medha Servo Drive,3.1,2.0,0.0,0.0,0.0,0.0,0.0,0.0,0.0,0.0,0.0,0.0,0.0,0.0,0.0,0.0,0.0,2,19,0.0,0.0,0.0,
"Hexagon Capability Center India
Pvt. Ltd.,",5.5,0.0,6.0,0.0,2.0,1.0,0.0,1.0,0.0,0.0,0.0,0.0,0.0,0.0,0.0,0.0,0.0,10,19,0.0,0.0,0.0,
FranklinTempleton  MBA,3.5,0.0,0.0,0.0,0.0,0.0,0.0,0.0,0.0,0.0,0.0,0.0,0.0,0.0,0.0,0.0,2.0,2,19,0.0,0.0,0.0,
Invesco,4.0,0.0,0.0,0.0,0.0,0.0,0.0,0.0,0.0,0.0,0.0,0.0,0.0,0.0,0.0,0.0,2.0,2,19,0.0,0.0,0.0,
Karvy Stock Broking  (MBA),2.5,0.0,0.0,0.0,0.0,0.0,0.0,0.0,0.0,0.0,0.0,0.0,0.0,0.0,0.0,0.0,4.0,4,19,0.0,0.0,0.0,
Nalsoft,4.0,1.0,0.0,0.0,0.0,0.0,1.0,0.0,1.0,0.0,0.0,0.0,0.0,0.0,0.0,0.0,0.0,3,19,0.0,0.0,0.0,
Corecopete,6.0,0.0,0.0,1.0,0.0,2.0,0.0,0.0,0.0,0.0,1.0,0.0,0.0,0.0,0.0,0.0,0.0,4,19,0.0,0.0,0.0,
AIR Worlwide,7.3,0.0,2.0,0.0,0.0,0.0,0.0,0.0,0.0,0.0,0.0,0.0,0.0,0.0,0.0,0.0,0.0,2,19,0.0,0.0,0.0,
Novarties Healthcare,4.8,0.0,0.0,0.0,0.0,0.0,0.0,0.0,0.0,0.0,1.0,0.0,0.0,0.0,0.0,0.0,0.0,1,19,0.0,0.0,0.0,
Karvy,3.5,1.0,5.0,0.0,6.0,0.0,0.0,1.0,0.0,0.0,0.0,0.0,0.0,0.0,0.0,0.0,0.0,13,19,0.0,0.0,0.0,
S&P Global,3.5,0.0,0.0,0.0,0.0,0.0,0.0,0.0,0.0,0.0,0.0,0.0,0.0,0.0,0.0,0.0,5.0,5,19,0.0,0.0,0.0,
CtrlS Datacenters Ltd,4.0,2.0,1.0,0.0,0.0,0.0,0.0,0.0,0.0,0.0,0.0,0.0,0.0,0.0,0.0,0.0,0.0,3,19,0.0,0.0,0.0,
Spandana Sphoorty Fina Ltd,3.3,0.0,0.0,0.0,0.0,0.0,0.0,0.0,0.0,0.0,0.0,0.0,0.0,0.0,0.0,0.0,3.0,3,19,0.0,0.0,0.0,
Accolite India,8.0,0.0,3.0,0.0,3.0,0.0,0.0,0.0,0.0,0.0,0.0,0.0,0.0,0.0,0.0,0.0,0.0,6,19,0.0,0.0,0.0,
Just Dial,3.0,0.0,0.0,0.0,0.0,0.0,0.0,0.0,0.0,0.0,0.0,0.0,0.0,0.0,0.0,0.0,5.0,5,19,0.0,0.0,0.0,
Kotak Life,3.5,0.0,0.0,0.0,0.0,0.0,0.0,0.0,0.0,0.0,0.0,0.0,0.0,0.0,0.0,0.0,5.0,5,19,0.0,0.0,0.0,
Dr.Reddy's Labs,4.0,0.0,0.0,0.0,0.0,0.0,0.0,0.0,0.0,7.0,0.0,0.0,0.0,0.0,0.0,0.0,0.0,7,19,0.0,0.0,0.0,
HCL,6.0,3.0,0.0,3.0,0.0,0.0,0.0,0.0,0.0,0.0,0.0,0.0,0.0,0.0,0.0,0.0,0.0,6,19,0.0,0.0,0.0,
Google ITPR,9.4,1.0,1.0,0.0,0.0,0.0,0.0,0.0,0.0,0.0,0.0,0.0,0.0,0.0,0.0,0.0,0.0,2,19,0.0,0.0,0.0,
Tvarana Software,4.0,1.0,0.0,0.0,1.0,0.0,0.0,0.0,0.0,0.0,0.0,0.0,0.0,0.0,0.0,0.0,0.0,2,19,0.0,0.0,0.0,
Fiat Chyrsler Automobiles,4.3,1.0,0.0,0.0,0.0,1.0,0.0,0.0,0.0,0.0,0.0,0.0,0.0,0.0,0.0,0.0,0.0,2,19,0.0,0.0,0.0,
Caravel-AI,11.4,0.0,1.0,0.0,0.0,0.0,0.0,0.0,0.0,0.0,0.0,0.0,0.0,0.0,0.0,0.0,0.0,1,19,0.0,0.0,0.0,
Delhivery Backend Developer,8.0,0.0,3.0,0.0,1.0,0.0,0.0,0.0,0.0,0.0,0.0,0.0,0.0,0.0,0.0,0.0,0.0,4,19,0.0,0.0,0.0,
Carwale  MBA,3.3,0.0,0.0,0.0,0.0,0.0,0.0,0.0,0.0,0.0,0.0,0.0,0.0,0.0,0.0,0.0,4.0,4,19,0.0,0.0,0.0,
Syntizen Technologies P Ltd MBA,4.3,0.0,0.0,0.0,0.0,0.0,0.0,0.0,0.0,0.0,0.0,0.0,0.0,0.0,0.0,0.0,2.0,2,19,0.0,0.0,0.0,
Byju's,7.5,0.0,0.0,0.0,1.0,1.0,1.0,0.0,0.0,1.0,0.0,0.0,0.0,0.0,0.0,0.0,0.0,4,19,0.0,0.0,0.0,
Godrej & Boyce Mfg Co,5.5,0.0,0.0,0.0,0.0,1.0,0.0,0.0,0.0,0.0,0.0,0.0,0.0,0.0,0.0,0.0,0.0,1,19,0.0,0.0,0.0,
HIL Limited,4.5,0.0,0.0,3.0,0.0,2.0,0.0,0.0,2.0,0.0,0.0,0.0,0.0,0.0,0.0,0.0,0.0,7,19,0.0,0.0,0.0,
Reliance Infocomm Ltd JIO,3.5,0.0,0.0,0.0,0.0,0.0,0.0,0.0,0.0,0.0,0.0,0.0,0.0,0.0,0.0,0.0,3.0,3,19,0.0,0.0,0.0,
"Cognizant ""NEXT""",6.7,0.0,1.0,0.0,2.0,0.0,0.0,0.0,0.0,0.0,0.0,0.0,0.0,0.0,0.0,0.0,0.0,3,19,0.0,0.0,0.0,
ZF Technologies,4.3,7.0,0.0,0.0,0.0,0.0,0.0,0.0,0.0,0.0,0.0,0.0,0.0,0.0,0.0,0.0,0.0,7,19,0.0,0.0,0.0,
Premier Developers Pvt Ltd intern,1.2,0.0,0.0,0.0,0.0,5.0,9.0,5.0,0.0,0.0,0.0,0.0,0.0,0.0,0.0,0.0,0.0,19,19,0.0,0.0,0.0,
MRF,4.4,0.0,0.0,0.0,0.0,0.0,0.0,0.0,0.0,0.0,0.0,0.0,0.0,0.0,0.0,0.0,1.0,1,19,0.0,0.0,0.0,
Ryan India Tax Services Pvt Ltd,2.3,0.0,0.0,0.0,0.0,0.0,0.0,0.0,0.0,0.0,0.0,0.0,0.0,0.0,0.0,0.0,1.0,1,19,0.0,0.0,0.0,
Prolifics Global Technology,3.0,2.0,1.0,0.0,0.0,0.0,0.0,0.0,0.0,0.0,0.0,0.0,0.0,0.0,0.0,0.0,0.0,3,19,0.0,0.0,0.0,
Tata Trent MBA,4.5,0.0,0.0,0.0,0.0,0.0,0.0,0.0,0.0,0.0,0.0,0.0,0.0,0.0,0.0,0.0,1.0,1,19,0.0,0.0,0.0,
Dyson Global Technology,5.8,0.0,0.0,1.0,0.0,0.0,0.0,0.0,1.0,0.0,0.0,0.0,0.0,0.0,0.0,0.0,0.0,2,19,0.0,0.0,0.0,
Apollo Munich Insurance MBA,3.0,0.0,0.0,0.0,0.0,0.0,0.0,0.0,0.0,0.0,0.0,0.0,0.0,0.0,0.0,0.0,11.0,11,19,0.0,0.0,0.0,
D.E.Shaw Group Intern,100000.0,0.0,1.0,0.0,0.0,0.0,0.0,0.0,0.0,0.0,0.0,0.0,0.0,0.0,0.0,0.0,0.0,1,19,0.0,0.0,0.0,
ClassKlap,5.5,0.0,0.0,0.0,0.0,0.0,0.0,0.0,0.0,0.0,0.0,0.0,0.0,0.0,0.0,0.0,2.0,2,19,0.0,0.0,0.0,
Microsoft Intern,80000.0,0.0,2.0,0.0,0.0,0.0,0.0,0.0,0.0,0.0,0.0,0.0,0.0,0.0,0.0,0.0,0.0,2,19,0.0,0.0,0.0,
VEDA IIT,3.6,7.0,0.0,0.0,0.0,0.0,0.0,0.0,0.0,0.0,0.0,0.0,0.0,0.0,0.0,0.0,0.0,7,19,0.0,0.0,0.0,
Auto Vision Labs,3.0,0.0,2.0,0.0,0.0,0.0,0.0,2.0,0.0,0.0,0.0,0.0,0.0,0.0,0.0,0.0,0.0,4,19,0.0,0.0,0.0,
Divis Labs,2.1,0.0,0.0,0.0,0.0,0.0,0.0,0.0,18.0,0.0,0.0,0.0,0.0,0.0,0.0,0.0,0.0,18,19,0.0,0.0,0.0,
ICICI Bank MBA,2.4,0.0,0.0,0.0,0.0,0.0,0.0,0.0,0.0,0.0,0.0,0.0,0.0,0.0,0.0,0.0,8.0,8,19,0.0,0.0,0.0,
GENPACT MBA,3.0,0.0,0.0,0.0,0.0,0.0,0.0,0.0,0.0,0.0,0.0,0.0,0.0,0.0,0.0,0.0,1.0,1,19,0.0,0.0,0.0,
Sirpur Paper Mills,3.3,0.0,0.0,0.0,0.0,0.0,0.0,0.0,3.0,0.0,0.0,0.0,0.0,0.0,0.0,0.0,0.0,3,19,0.0,0.0,0.0,
AtoS Syntel,3.1,0.0,0.0,0.0,1.0,0.0,0.0,0.0,0.0,0.0,0.0,0.0,0.0,0.0,0.0,0.0,0.0,1,19,0.0,0.0,0.0,
OPPO R&D Center,3.0,2.0,0.0,0.0,0.0,0.0,0.0,0.0,0.0,0.0,0.0,0.0,0.0,0.0,0.0,0.0,0.0,2,19,0.0,0.0,0.0,
Ninjacart pool MBA,4.0,0.0,0.0,0.0,0.0,0.0,0.0,0.0,0.0,0.0,0.0,0.0,0.0,0.0,0.0,0.0,4.0,4,19,0.0,0.0,0.0,
HDFC AMC MBA,3.0,0.0,0.0,0.0,0.0,0.0,0.0,0.0,0.0,0.0,0.0,0.0,0.0,0.0,0.0,0.0,4.0,4,19,0.0,0.0,0.0,
"EA Games (srinidhhi, osmania)",11.0,0.0,2.0,0.0,0.0,0.0,0.0,0.0,0.0,0.0,0.0,0.0,0.0,0.0,0.0,0.0,0.0,2,19,0.0,0.0,0.0,
Mech Zone Solutions,3.0,2.0,1.0,1.0,3.0,9.0,10.0,7.0,2.0,2.0,0.0,0.0,0.0,0.0,0.0,0.0,0.0,37,19,0.0,0.0,0.0,
Frontier Business Systems MBA,3.5,0.0,0.0,0.0,0.0,0.0,0.0,0.0,0.0,0.0,0.0,0.0,0.0,0.0,0.0,0.0,3.0,3,19,0.0,0.0,0.0,
Cyient,3.3,0.0,1.0,0.0,0.0,0.0,0.0,0.0,0.0,0.0,0.0,0.0,0.0,0.0,0.0,0.0,0.0,1,19,0.0,0.0,0.0,
Kotak Mahindra Bank Ltd   MBA,4.0,0.0,0.0,0.0,0.0,0.0,0.0,0.0,0.0,0.0,0.0,0.0,0.0,0.0,0.0,0.0,1.0,1,19,0.0,0.0,0.0,
Aarvee Associates,3.6,0.0,0.0,0.0,0.0,0.0,0.0,2.0,0.0,0.0,0.0,0.0,0.0,0.0,0.0,0.0,0.0,2,19,0.0,0.0,0.0,
Hitachi Consulting,6.5,0.0,1.0,0.0,0.0,0.0,0.0,0.0,0.0,0.0,0.0,0.0,0.0,0.0,0.0,0.0,0.0,1,19,0.0,0.0,0.0,
"Tecnicas Reunidas Engineers
India Pvt Ltd",2.8,0.0,0.0,0.0,0.0,0.0,0.0,0.0,1.0,0.0,0.0,0.0,0.0,0.0,0.0,0.0,0.0,1,19,0.0,0.0,0.0,
Water Health,4.5,0.0,0.0,0.0,0.0,0.0,0.0,0.0,1.0,0.0,0.0,0.0,0.0,0.0,0.0,0.0,0.0,1,19,0.0,0.0,0.0,
Medha Servo Drives Pvt Ltd.,3.5,2.0,0.0,0.0,0.0,0.0,0.0,0.0,0.0,0.0,0.0,0.0,0.0,0.0,0.0,0.0,0.0,2,19,0.0,0.0,0.0,
D.E.Shaw Group Intern,12.0,0.0,1.0,0.0,0.0,0.0,0.0,0.0,0.0,0.0,0.0,0.0,0.0,0.0,0.0,0.0,0.0,1,20,0.0,0.0,0.0,
Microsoft Intern,80000.0,0.0,2.0,0.0,0.0,0.0,0.0,0.0,0.0,0.0,0.0,0.0,0.0,0.0,0.0,0.0,0.0,2,20,0.0,0.0,0.0,
HDFC AMC MBA,3.0,0.0,0.0,0.0,0.0,0.0,0.0,0.0,0.0,0.0,0.0,0.0,0.0,0.0,0.0,0.0,4.0,4,20,0.0,0.0,0.0,
Unisys Internship,25000.0,0.0,0.0,0.0,0.0,0.0,0.0,0.0,0.0,0.0,0.0,1.0,0.0,0.0,0.0,0.0,0.0,1,20,0.0,0.0,0.0,
ITC,8.0,0.0,0.0,0.0,2.0,0.0,0.0,0.0,0.0,0.0,0.0,0.0,0.0,0.0,0.0,0.0,0.0,2,20,0.0,0.0,0.0,
Aurobindo Pharma Limited,3.6,0.0,0.0,0.0,0.0,3.0,0.0,0.0,1.0,0.0,0.0,0.0,0.0,0.0,0.0,0.0,0.0,4,20,0.0,0.0,0.0,
KoffeMedia/Nuronics,4.0,0.0,0.0,0.0,0.0,0.0,0.0,0.0,0.0,0.0,2.0,3.0,2.0,0.0,0.0,0.0,0.0,7,20,0.0,0.0,0.0,
Kore.ai,5.0,0.0,0.0,0.0,0.0,0.0,0.0,0.0,0.0,0.0,0.0,1.0,1.0,0.0,0.0,0.0,0.0,2,20,0.0,0.0,0.0,
Darwinbox,8.4,0.0,1.0,0.0,1.0,0.0,0.0,0.0,0.0,0.0,0.0,0.0,0.0,0.0,0.0,0.0,0.0,2,20,0.0,0.0,0.0,
Accolite Software Pvt Ltd,8.0,0.0,5.0,0.0,0.0,0.0,0.0,0.0,0.0,0.0,0.0,0.0,0.0,0.0,0.0,0.0,0.0,5,20,0.0,0.0,0.0,
Microsoft 2020,41.0,0.0,2.0,0.0,0.0,0.0,0.0,0.0,0.0,0.0,0.0,0.0,0.0,0.0,0.0,0.0,0.0,2,20,0.0,0.0,0.0,
JPMorgan Chase & Co.,14.0,0.0,29.0,0.0,6.0,0.0,0.0,0.0,0.0,0.0,0.0,0.0,0.0,0.0,0.0,0.0,0.0,35,20,0.0,0.0,0.0,
EPAM Ltd,6.0,0.0,3.0,0.0,3.0,0.0,0.0,0.0,0.0,0.0,0.0,0.0,0.0,0.0,0.0,0.0,0.0,6,20,0.0,0.0,0.0,
"Magnitude Software Ind Pvt.Ltd,",7.7,0.0,2.0,0.0,0.0,0.0,0.0,0.0,0.0,0.0,0.0,0.0,0.0,0.0,0.0,0.0,0.0,2,20,0.0,0.0,0.0,
Deloitte USI,7.6,16.0,27.0,5.0,23.0,0.0,0.0,0.0,0.0,0.0,0.0,0.0,0.0,0.0,0.0,0.0,0.0,71,20,0.0,0.0,0.0,
Oracle,9.5,0.0,8.0,0.0,5.0,0.0,0.0,0.0,0.0,0.0,0.0,0.0,0.0,0.0,0.0,0.0,0.0,13,20,0.0,0.0,0.0,
Hyundai Mobis R&D,4.5,1.0,1.0,0.0,1.0,0.0,0.0,0.0,0.0,0.0,0.0,0.0,0.0,0.0,0.0,0.0,0.0,3,20,0.0,0.0,0.0,
Factset,8.9,0.0,3.0,0.0,3.0,0.0,0.0,0.0,0.0,0.0,0.0,0.0,0.0,0.0,0.0,0.0,0.0,6,20,0.0,0.0,0.0,
Jaro Education,12.0,0.0,0.0,0.0,0.0,1.0,0.0,0.0,0.0,0.0,0.0,0.0,0.0,0.0,0.0,0.0,0.0,1,20,0.0,0.0,0.0,
Byju's,10.0,1.0,3.0,0.0,0.0,2.0,1.0,1.0,1.0,0.0,0.0,0.0,0.0,0.0,0.0,0.0,1.0,10,20,0.0,0.0,0.0,
HackWithInfy  Infosys SEP,5.0,2.0,3.0,0.0,1.0,0.0,0.0,0.0,0.0,0.0,0.0,0.0,0.0,0.0,0.0,0.0,0.0,6,20,0.0,0.0,0.0,
Loyalty Juggernaut India P Ltd,7.5,0.0,0.0,0.0,4.0,0.0,0.0,0.0,0.0,0.0,0.0,0.0,0.0,0.0,0.0,0.0,0.0,4,20,0.0,0.0,0.0,
Delhivery,8.0,0.0,3.0,0.0,1.0,0.0,0.0,0.0,0.0,0.0,0.0,0.0,0.0,0.0,0.0,0.0,0.0,4,20,0.0,0.0,0.0,
NCR Corporation,7.0,0.0,7.0,0.0,3.0,0.0,0.0,0.0,0.0,0.0,0.0,0.0,0.0,0.0,0.0,0.0,0.0,10,20,0.0,0.0,0.0,
Just Dial,3.5,0.0,0.0,0.0,0.0,0.0,1.0,0.0,1.0,0.0,0.0,0.0,0.0,0.0,0.0,0.0,6.0,8,20,0.0,0.0,0.0,
TCS NQT Ninja,3.6,42.0,26.0,9.0,29.0,3.0,2.0,1.0,1.0,0.0,3.0,0.0,0.0,0.0,0.0,0.0,0.0,116,20,0.0,0.0,0.0,
Larsen Toubro Infotech (LTI),5.5,41.0,41.0,9.0,21.0,3.0,1.0,0.0,0.0,0.0,0.0,0.0,0.0,0.0,0.0,0.0,0.0,116,20,0.0,0.0,0.0,
Larsen Toubro Infotech (LTI),6.5,4.0,5.0,1.0,5.0,0.0,0.0,0.0,0.0,0.0,0.0,0.0,0.0,0.0,0.0,0.0,0.0,15,20,0.0,0.0,0.0,
Dr Reddy's Lab,3.5,0.0,0.0,0.0,0.0,0.0,0.0,0.0,0.0,7.0,0.0,0.0,0.0,0.0,0.0,0.0,0.0,7,20,0.0,0.0,0.0,
Cognizant,4.0,29.0,17.0,11.0,15.0,17.0,1.0,5.0,2.0,0.0,0.0,1.0,0.0,0.0,0.0,0.0,0.0,98,20,0.0,0.0,0.0,
Infosys INFYTQ,4.0,46.0,29.0,31.0,22.0,36.0,2.0,13.0,7.0,3.0,4.0,3.0,0.0,0.0,0.0,0.0,0.0,196,20,0.0,0.0,0.0,
TechnipFMC Technologies Ltd,6.0,0.0,0.0,0.0,0.0,3.0,0.0,0.0,0.0,0.0,0.0,0.0,0.0,0.0,0.0,0.0,0.0,3,20,0.0,0.0,0.0,
Next Education,5.0,0.0,3.0,0.0,3.0,0.0,0.0,0.0,0.0,0.0,0.0,0.0,0.0,0.0,0.0,0.0,0.0,6,20,0.0,0.0,0.0,
Deloitte USI Tax,6.5,0.0,0.0,0.0,0.0,0.0,0.0,0.0,0.0,0.0,0.0,0.0,0.0,0.0,0.0,0.0,5.0,5,20,0.0,0.0,0.0,
Accenture Freshers Minds pool,4.5,56.0,21.0,10.0,27.0,23.0,6.0,10.0,4.0,6.0,10.0,0.0,0.0,0.0,0.0,0.0,0.0,173,20,0.0,0.0,0.0,
Hexagon Capability Centre,5.5,0.0,3.0,0.0,3.0,0.0,0.0,0.0,0.0,0.0,0.0,0.0,0.0,0.0,0.0,0.0,0.0,6,20,0.0,0.0,0.0,
IBM,4.7,1.0,2.0,0.0,0.0,0.0,0.0,0.0,0.0,0.0,1.0,0.0,0.0,0.0,0.0,0.0,0.0,4,20,0.0,0.0,0.0,
MicronTechnology,7.5,14.0,20.0,0.0,16.0,0.0,0.0,0.0,0.0,0.0,0.0,0.0,0.0,0.0,0.0,0.0,0.0,50,20,0.0,0.0,0.0,
Hitachi Consulting,6.5,0.0,1.0,0.0,0.0,0.0,0.0,0.0,0.0,0.0,0.0,0.0,0.0,0.0,0.0,0.0,0.0,1,20,0.0,0.0,0.0,
VEDA IIT,3.6,2.0,0.0,0.0,0.0,0.0,0.0,0.0,0.0,0.0,0.0,0.0,0.0,0.0,0.0,0.0,0.0,2,20,0.0,0.0,0.0,
Volante Software Pvt Ltd,4.5,0.0,1.0,0.0,2.0,0.0,0.0,0.0,0.0,0.0,0.0,0.0,0.0,0.0,0.0,0.0,0.0,3,20,0.0,0.0,0.0,
Hindustan Unilever,7.0,0.0,0.0,0.0,0.0,1.0,0.0,0.0,0.0,0.0,0.0,0.0,0.0,0.0,0.0,0.0,0.0,1,20,0.0,0.0,0.0,
Cultfit,4.0,0.0,0.0,0.0,0.0,0.0,0.0,0.0,0.0,0.0,0.0,0.0,0.0,0.0,0.0,0.0,4.0,4,20,0.0,0.0,0.0,
ITC,8.0,0.0,0.0,0.0,0.0,1.0,0.0,0.0,0.0,0.0,0.0,0.0,0.0,0.0,0.0,0.0,0.0,1,20,0.0,0.0,0.0,
Sales Force Com Pvt Ltd,11.9,0.0,0.0,0.0,1.0,0.0,0.0,0.0,0.0,0.0,0.0,0.0,0.0,0.0,0.0,0.0,0.0,1,20,0.0,0.0,0.0,
GE Appliances Intern,20000.0,0.0,2.0,0.0,4.0,0.0,0.0,0.0,0.0,0.0,0.0,0.0,0.0,0.0,0.0,0.0,0.0,6,20,0.0,0.0,0.0,
ZF Technologies,4.3,5.0,1.0,2.0,0.0,4.0,0.0,0.0,0.0,0.0,0.0,0.0,0.0,0.0,0.0,0.0,0.0,12,20,0.0,0.0,0.0,
Unistring Tech Solutions (UTS),3.0,9.0,0.0,0.0,0.0,0.0,0.0,0.0,0.0,0.0,0.0,0.0,0.0,0.0,0.0,0.0,0.0,9,20,0.0,0.0,0.0,
S2Tech Com India Pvt Ltd MBA,3.5,0.0,0.0,0.0,0.0,0.0,0.0,0.0,0.0,0.0,0.0,0.0,0.0,0.0,0.0,0.0,1.0,1,20,0.0,0.0,0.0,
Verizon,5.5,0.0,2.0,0.0,1.0,0.0,0.0,0.0,0.0,0.0,0.0,0.0,0.0,0.0,0.0,0.0,0.0,3,20,0.0,0.0,0.0,
Gingerboard pool,1.9,0.0,0.0,0.0,0.0,0.0,0.0,0.0,0.0,0.0,4.0,0.0,0.0,0.0,0.0,0.0,0.0,4,20,0.0,0.0,0.0,
JK Technosoft,3.5,0.0,0.0,0.0,0.0,0.0,0.0,0.0,0.0,0.0,2.0,0.0,0.0,0.0,0.0,0.0,0.0,2,20,0.0,0.0,0.0,
Invesco Hack2Hire pool,12.0,0.0,0.0,0.0,1.0,0.0,0.0,0.0,0.0,0.0,0.0,0.0,0.0,0.0,0.0,0.0,0.0,1,20,0.0,0.0,0.0,
Modak Analytics,5.0,0.0,14.0,0.0,0.0,0.0,0.0,0.0,0.0,0.0,0.0,0.0,0.0,0.0,0.0,0.0,0.0,14,20,0.0,0.0,0.0,
Google,10.5,0.0,3.0,0.0,0.0,0.0,0.0,0.0,0.0,0.0,0.0,0.0,0.0,0.0,0.0,0.0,0.0,3,20,0.0,0.0,0.0,
Godrej & Boyce Mfg Co,5.5,0.0,0.0,0.0,0.0,4.0,2.0,1.0,0.0,0.0,0.0,0.0,0.0,0.0,0.0,0.0,0.0,7,20,0.0,0.0,0.0,
Kotak Life Insurance,3.5,0.0,0.0,0.0,0.0,0.0,0.0,0.0,0.0,0.0,0.0,0.0,0.0,0.0,0.0,0.0,6.0,6,20,0.0,0.0,0.0,
Value Labs MBA pool,2.0,0.0,0.0,0.0,0.0,0.0,0.0,0.0,0.0,0.0,0.0,0.0,0.0,0.0,0.0,0.0,1.0,1,20,0.0,0.0,0.0,
MRF Ltd,5.0,0.0,0.0,0.0,0.0,0.0,0.0,0.0,0.0,0.0,0.0,0.0,0.0,0.0,0.0,0.0,1.0,1,20,0.0,0.0,0.0,
TCS pool,5.8,0.0,0.0,0.0,0.0,0.0,0.0,0.0,0.0,0.0,0.0,0.0,0.0,0.0,0.0,0.0,3.0,3,20,0.0,0.0,0.0,
Invesco  Pvt Ltd MBA,4.2,0.0,0.0,0.0,0.0,0.0,0.0,0.0,0.0,0.0,0.0,0.0,0.0,0.0,0.0,0.0,1.0,1,20,0.0,0.0,0.0,
Raam Group MBA,3.8,0.0,0.0,0.0,0.0,0.0,0.0,0.0,1.0,0.0,0.0,0.0,0.0,0.0,0.0,0.0,1.0,2,20,0.0,0.0,0.0,
IBM (Off Campus),4.3,1.0,0.0,0.0,0.0,0.0,0.0,0.0,0.0,0.0,0.0,0.0,0.0,0.0,0.0,0.0,0.0,1,20,0.0,0.0,0.0,
Berkadia,4.2,0.0,0.0,0.0,0.0,0.0,0.0,0.0,0.0,0.0,0.0,0.0,0.0,0.0,0.0,0.0,10.0,10,20,0.0,0.0,0.0,
Unisys Internship,25000.0,0.0,0.0,0.0,0.0,0.0,0.0,0.0,0.0,0.0,0.0,2.0,0.0,0.0,0.0,0.0,0.0,2,20,0.0,0.0,0.0,
Amazon Internship,60000.0,0.0,2.0,0.0,0.0,0.0,0.0,0.0,0.0,0.0,0.0,0.0,0.0,0.0,0.0,0.0,0.0,2,20,0.0,0.0,0.0,
Prudent Lighting Solutions pool,3.7,0.0,0.0,0.0,0.0,0.0,0.0,0.0,0.0,0.0,0.0,0.0,0.0,0.0,0.0,0.0,1.0,1,20,0.0,0.0,0.0,
KSR Eyecare Pvt Ltd pool,3.6,0.0,0.0,0.0,0.0,0.0,0.0,0.0,0.0,0.0,0.0,0.0,0.0,0.0,0.0,0.0,1.0,1,20,0.0,0.0,0.0,
Reliance Jio Infocomm Limited,3.3,0.0,0.0,0.0,0.0,0.0,0.0,0.0,0.0,0.0,0.0,0.0,0.0,0.0,0.0,0.0,12.0,12,20,0.0,0.0,0.0,
Arohan MBA,4.5,0.0,0.0,0.0,0.0,0.0,0.0,0.0,0.0,0.0,0.0,0.0,0.0,0.0,0.0,0.0,1.0,1,20,0.0,0.0,0.0,
Merilytics Core,4.6,0.0,0.0,0.0,0.0,1.0,0.0,0.0,0.0,0.0,0.0,0.0,0.0,0.0,0.0,0.0,0.0,1,20,0.0,0.0,0.0,
ServiceNow Internship,45000.0,1.0,2.0,0.0,2.0,0.0,0.0,0.0,0.0,0.0,0.0,0.0,0.0,0.0,0.0,0.0,0.0,5,20,0.0,0.0,0.0,
Colruyt Internship,10000.0,1.0,0.0,1.0,4.0,0.0,0.0,0.0,0.0,0.0,0.0,0.0,0.0,0.0,0.0,0.0,0.0,6,20,0.0,0.0,0.0,
Dyson Technology India Pvt Ltd,5.1,0.0,0.0,0.0,7.0,0.0,0.0,1.0,1.0,0.0,0.0,0.0,0.0,0.0,0.0,0.0,0.0,9,20,0.0,0.0,0.0,
Coign consultants Pvt Ltd Intern,15000.0,0.0,0.0,0.0,2.0,0.0,0.0,0.0,0.0,0.0,0.0,0.0,0.0,0.0,0.0,0.0,0.0,2,20,0.0,0.0,0.0,
Sai Life Sciences,3.0,0.0,0.0,0.0,0.0,0.0,0.0,0.0,4.0,0.0,0.0,0.0,0.0,0.0,0.0,0.0,0.0,4,20,0.0,0.0,0.0,
Blue Star Limited   pool,5.6,0.0,0.0,1.0,0.0,1.0,0.0,0.0,0.0,0.0,0.0,0.0,0.0,0.0,0.0,0.0,0.0,2,20,0.0,0.0,0.0,
AutoRABIT Internship,10000.0,0.0,1.0,0.0,0.0,0.0,0.0,0.0,0.0,0.0,0.0,0.0,0.0,0.0,0.0,0.0,0.0,1,20,0.0,0.0,0.0,
Campus Marg Consulting P Ltd,1.6,0.0,0.0,0.0,0.0,0.0,0.0,0.0,0.0,0.0,0.0,0.0,0.0,0.0,0.0,0.0,1.0,1,20,0.0,0.0,0.0,
Modak Analytics Off Campus,4.5,0.0,6.0,0.0,0.0,0.0,0.0,0.0,0.0,0.0,0.0,0.0,0.0,0.0,0.0,0.0,0.0,6,20,0.0,0.0,0.0,
Simply Grow Technologies Int,10000.0,0.0,1.0,0.0,0.0,0.0,0.0,0.0,0.0,0.0,0.0,0.0,0.0,0.0,0.0,0.0,0.0,1,20,0.0,0.0,0.0,
Hyundai Motors Pvt Ltd,8.0,0.0,0.0,0.0,0.0,1.0,0.0,0.0,0.0,0.0,0.0,0.0,0.0,0.0,0.0,0.0,0.0,1,20,0.0,0.0,0.0,
Lido Learning,3.6,0.0,0.0,0.0,0.0,1.0,0.0,0.0,0.0,0.0,0.0,0.0,0.0,0.0,0.0,0.0,1.0,2,20,0.0,0.0,0.0,
Microchip,8.5,0.0,0.0,0.0,0.0,0.0,0.0,0.0,0.0,0.0,0.0,0.0,0.0,0.0,0.0,0.0,0.0,1,20,1.0,0.0,0.0,
SarvHR MBA,3.5,0.0,0.0,0.0,0.0,0.0,0.0,0.0,0.0,0.0,0.0,0.0,0.0,0.0,0.0,0.0,1.0,1,20,0.0,0.0,0.0,
Diagnostic BioSystems (DBS),4.6,0.0,0.0,0.0,0.0,0.0,0.0,0.0,0.0,0.0,0.0,0.0,0.0,0.0,0.0,0.0,4.0,4,20,0.0,0.0,0.0,
R2 Seeds Pvt Ltd pool,3.0,0.0,0.0,0.0,0.0,0.0,0.0,0.0,0.0,0.0,0.0,0.0,0.0,0.0,0.0,0.0,1.0,1,20,0.0,0.0,0.0,
Invesco Pvt Ltd MBA,4.2,0.0,0.0,0.0,0.0,0.0,0.0,0.0,0.0,0.0,0.0,0.0,0.0,0.0,0.0,0.0,5.0,5,20,0.0,0.0,0.0,
Tata Advanced Systems P Ltd,4.0,0.0,0.0,0.0,0.0,0.0,0.0,0.0,0.0,0.0,2.0,0.0,0.0,0.0,0.0,0.0,0.0,2,20,0.0,0.0,0.0,
Arcesium India Pvt Ltd Intern,60000.0,0.0,3.0,0.0,2.0,0.0,0.0,0.0,0.0,0.0,0.0,0.0,0.0,0.0,0.0,0.0,0.0,5,20,0.0,0.0,0.0,
EA Games India (P) Ltd,12.2,0.0,2.0,0.0,0.0,0.0,0.0,0.0,0.0,0.0,0.0,0.0,0.0,0.0,0.0,0.0,0.0,2,20,0.0,0.0,0.0,
JK Paper Mills Ltd,3.8,0.0,0.0,0.0,0.0,2.0,0.0,0.0,3.0,0.0,0.0,0.0,0.0,0.0,0.0,0.0,0.0,5,20,0.0,0.0,0.0,
Deloitte MF Tax Internship MBA,25000.0,0.0,0.0,0.0,0.0,0.0,0.0,0.0,0.0,0.0,0.0,0.0,0.0,0.0,0.0,0.0,9.0,9,20,0.0,0.0,0.0,
Ford Motors Pvt Ltd,5.5,0.0,3.0,0.0,4.0,0.0,0.0,0.0,0.0,0.0,0.0,0.0,0.0,0.0,0.0,0.0,0.0,7,20,0.0,0.0,0.0,
Aurobindo Pharma Limited,3.6,0.0,0.0,0.0,0.0,0.0,0.0,0.0,7.0,0.0,0.0,0.0,0.0,0.0,0.0,0.0,0.0,7,20,0.0,0.0,0.0,
"Cognizant ""NEXT""",6.7,0.0,1.0,0.0,0.0,0.0,0.0,0.0,0.0,0.0,0.0,0.0,0.0,0.0,0.0,0.0,0.0,1,20,0.0,0.0,0.0,
Orient Cement (Girls),4.0,2.0,0.0,0.0,0.0,0.0,0.0,0.0,0.0,0.0,0.0,0.0,0.0,0.0,0.0,0.0,0.0,2,20,0.0,0.0,0.0,
Wiley,7.0,1.0,0.0,0.0,0.0,0.0,0.0,0.0,0.0,0.0,0.0,0.0,0.0,0.0,0.0,0.0,0.0,1,20,0.0,0.0,0.0,
Cognizant CIS off Campus,4.0,1.0,0.0,0.0,0.0,2.0,0.0,1.0,1.0,3.0,0.0,1.0,0.0,0.0,0.0,0.0,0.0,9,20,0.0,0.0,0.0,
ServiceNow,25.0,1.0,4.0,0.0,5.0,0.0,0.0,0.0,0.0,0.0,0.0,0.0,0.0,0.0,0.0,,0.0,10,21,0.0,0.0,0.0,0.0
Goldman Sachs Service,23.0,0.0,1.0,0.0,1.0,0.0,0.0,0.0,0.0,0.0,0.0,0.0,0.0,0.0,0.0,,0.0,2,21,0.0,0.0,0.0,0.0
JPMC On Campus & PPO ,14.0,1.0,30.0,0.0,5.0,0.0,0.0,0.0,0.0,0.0,0.0,0.0,0.0,0.0,0.0,,0.0,36,21,0.0,0.0,0.0,0.0
DeloitteTax On Campus & PPO MBA,6.5,0.0,0.0,0.0,0.0,0.0,0.0,0.0,0.0,0.0,0.0,0.0,0.0,0.0,0.0,,9.0,9,21,0.0,0.0,0.0,0.0
Micron,8.1,10.0,15.0,1.0,5.0,0.0,0.0,0.0,0.0,0.0,0.0,0.0,0.0,0.0,0.0,,0.0,31,21,0.0,0.0,0.0,0.0
Oracle FSGBU and NetSuite,11.5,2.0,16.0,0.0,4.0,0.0,0.0,0.0,0.0,0.0,0.0,0.0,0.0,0.0,0.0,,0.0,22,21,0.0,0.0,0.0,0.0
Accolite,12.0,0.0,2.0,0.0,1.0,0.0,0.0,0.0,0.0,0.0,0.0,0.0,0.0,0.0,0.0,,0.0,3,21,0.0,0.0,0.0,0.0
FactSet,8.9,0.0,5.0,0.0,1.0,0.0,0.0,0.0,0.0,0.0,0.0,0.0,0.0,0.0,0.0,,0.0,6,21,0.0,0.0,0.0,0.0
"Deloitte, Tax & Audit",7.6,23.0,25.0,7.0,13.0,0.0,0.0,0.0,0.0,0.0,0.0,0.0,0.0,0.0,0.0,,0.0,68,21,0.0,0.0,0.0,0.0
Google PPO,11.5,0.0,0.0,0.0,1.0,0.0,0.0,0.0,0.0,0.0,0.0,0.0,0.0,0.0,0.0,,0.0,1,21,0.0,0.0,0.0,0.0
HackWithInfy Sytem Engineering Specialist (SES),5.0,7.0,49.0,0.0,22.0,1.0,0.0,0.0,0.0,0.0,0.0,0.0,0.0,0.0,0.0,,0.0,79,21,0.0,0.0,0.0,0.0
Larsen & Toubro Infotech Ltd. LTI,5.0,29.0,29.0,7.0,18.0,6.0,0.0,3.0,1.0,2.0,0.0,0.0,0.0,0.0,0.0,,0.0,95,21,0.0,0.0,0.0,0.0
Larsen & Toubro Infotech Ltd. LTI,6.5,5.0,9.0,1.0,9.0,0.0,0.0,1.0,0.0,0.0,0.0,0.0,0.0,0.0,0.0,,0.0,25,21,0.0,0.0,0.0,0.0
LoyaltyJuggernautIndia P Ltd,7.5,0.0,2.0,0.0,0.0,0.0,0.0,0.0,0.0,0.0,0.0,0.0,0.0,0.0,0.0,,0.0,2,21,0.0,0.0,0.0,0.0
Capgemini,3.8,25.0,16.0,2.0,11.0,3.0,1.0,3.0,1.0,1.0,1.0,0.0,0.0,0.0,0.0,,0.0,64,21,0.0,0.0,0.0,0.0
HUL,7.0,0.0,0.0,0.0,0.0,1.0,0.0,0.0,0.0,0.0,0.0,0.0,0.0,0.0,0.0,,0.0,1,21,0.0,0.0,0.0,0.0
Accenture,4.5,43.0,32.0,16.0,16.0,4.0,2.0,1.0,1.0,2.0,1.0,0.0,0.0,0.0,0.0,,0.0,118,21,0.0,0.0,0.0,0.0
Merilytics,4.6,1.0,3.0,1.0,1.0,0.0,0.0,0.0,0.0,0.0,0.0,0.0,0.0,0.0,0.0,,0.0,6,21,0.0,0.0,0.0,0.0
Raam Group,14.4,3.0,2.0,1.0,0.0,7.0,2.0,0.0,0.0,1.0,0.0,0.0,0.0,0.0,0.0,,2.0,18,21,0.0,0.0,0.0,0.0
Cognizant GenC,4.0,61.0,24.0,31.0,20.0,11.0,1.0,7.0,9.0,5.0,0.0,0.0,0.0,1.0,0.0,,0.0,172,21,0.0,1.0,0.0,1.0
Infosys,4.0,18.0,6.0,12.0,6.0,7.0,0.0,3.0,4.0,1.0,2.0,0.0,0.0,0.0,0.0,,0.0,60,21,1.0,0.0,0.0,0.0
Cognizant GenC Next,7.0,0.0,2.0,0.0,1.0,0.0,0.0,0.0,0.0,0.0,0.0,0.0,0.0,0.0,0.0,,0.0,3,21,0.0,0.0,0.0,0.0
Gap Inc.Technology Center,9.0,4.0,3.0,0.0,0.0,0.0,0.0,0.0,0.0,0.0,0.0,0.0,0.0,0.0,0.0,,0.0,7,21,0.0,0.0,0.0,0.0
Franklin Templeton MBA,3.5,0.0,0.0,0.0,0.0,0.0,0.0,0.0,0.0,0.0,0.0,0.0,0.0,0.0,0.0,,4.0,4,21,0.0,0.0,0.0,0.0
FICO,8.0,0.0,2.0,0.0,0.0,0.0,0.0,0.0,0.0,0.0,0.0,0.0,0.0,0.0,0.0,,0.0,2,21,0.0,0.0,0.0,0.0
TechnipFMC,6.0,0.0,0.0,0.0,0.0,3.0,0.0,0.0,0.0,0.0,0.0,0.0,0.0,0.0,0.0,,0.0,3,21,0.0,0.0,0.0,0.0
Berkadia MBA,4.5,0.0,0.0,0.0,0.0,0.0,0.0,0.0,0.0,0.0,0.0,0.0,0.0,0.0,0.0,,17.0,17,21,0.0,0.0,0.0,0.0
Jaro Education,8.0,0.0,0.0,0.0,0.0,0.0,0.0,0.0,2.0,1.0,0.0,0.0,0.0,0.0,0.0,,1.0,4,21,0.0,0.0,0.0,0.0
F5  Networks Innovation Pvt Ltd,23.0,3.0,4.0,0.0,1.0,0.0,0.0,0.0,0.0,0.0,0.0,0.0,0.0,0.0,0.0,,0.0,8,21,0.0,0.0,0.0,0.0
HexagonCapability Center India  ,5.5,0.0,5.0,0.0,2.0,0.0,0.0,0.0,0.0,0.0,0.0,0.0,0.0,0.0,0.0,,0.0,7,21,0.0,0.0,0.0,0.0
TCS Ninja / Codevita,3.5,15.0,10.0,4.0,5.0,3.0,1.0,0.0,1.0,1.0,1.0,0.0,0.0,0.0,0.0,,0.0,41,21,0.0,0.0,0.0,0.0
ThoughtWorks,8.3,0.0,1.0,0.0,0.0,0.0,0.0,0.0,0.0,0.0,0.0,0.0,0.0,0.0,0.0,,0.0,1,21,0.0,0.0,0.0,0.0
Abzooba,5.0,1.0,1.0,0.0,0.0,0.0,0.0,0.0,0.0,0.0,0.0,0.0,0.0,0.0,0.0,,0.0,2,21,0.0,0.0,0.0,0.0
SarvHR MBA,3.0,0.0,0.0,0.0,0.0,0.0,0.0,0.0,0.0,0.0,0.0,0.0,0.0,0.0,0.0,,3.0,3,21,0.0,0.0,0.0,0.0
Model N,7.3,2.0,3.0,0.0,1.0,0.0,0.0,0.0,0.0,0.0,0.0,0.0,0.0,0.0,0.0,,0.0,6,21,0.0,0.0,0.0,0.0
Dr Reddys' Laborataries Ltd,3.9,0.0,0.0,0.0,0.0,0.0,0.0,0.0,0.0,6.0,0.0,0.0,0.0,0.0,0.0,,0.0,6,21,0.0,0.0,0.0,0.0
Colruyt,5.0,1.0,1.0,0.0,0.0,0.0,0.0,0.0,0.0,0.0,0.0,0.0,0.0,0.0,0.0,,0.0,2,21,0.0,0.0,0.0,0.0
MTX,14.0,0.0,0.0,0.0,1.0,0.0,0.0,0.0,0.0,0.0,0.0,0.0,0.0,0.0,0.0,,0.0,1,21,0.0,0.0,0.0,0.0
Khumbu,10.0,0.0,2.0,0.0,0.0,0.0,0.0,0.0,0.0,0.0,0.0,0.0,0.0,0.0,0.0,,0.0,2,21,0.0,0.0,0.0,0.0
XIT Solutions,5.0,0.0,3.0,0.0,0.0,0.0,0.0,0.0,0.0,0.0,0.0,0.0,0.0,0.0,0.0,,0.0,3,21,0.0,0.0,0.0,0.0
VISA,15.4,1.0,0.0,0.0,2.0,0.0,0.0,0.0,0.0,0.0,0.0,0.0,0.0,0.0,0.0,,0.0,3,21,0.0,0.0,0.0,0.0
ICICI  MBA,3.5,0.0,0.0,0.0,0.0,0.0,0.0,0.0,0.0,0.0,0.0,0.0,0.0,0.0,0.0,,10.0,10,21,0.0,0.0,0.0,0.0
Kotak Life  Insurance  MBA,3.5,0.0,0.0,0.0,0.0,0.0,0.0,0.0,0.0,0.0,0.0,0.0,0.0,0.0,0.0,,3.0,3,21,0.0,0.0,0.0,0.0
Innominds Software Pvt Ltd,3.5,0.0,2.0,0.0,1.0,0.0,0.0,0.0,0.0,0.0,0.0,0.0,0.0,0.0,0.0,,0.0,3,21,0.0,0.0,0.0,0.0
IIFL Finance MBA,3.0,0.0,0.0,0.0,0.0,0.0,0.0,0.0,0.0,0.0,0.0,0.0,0.0,0.0,0.0,,2.0,2,21,0.0,0.0,0.0,0.0
Medha Servo Drive,3.4,2.0,0.0,2.0,0.0,0.0,0.0,0.0,0.0,0.0,0.0,0.0,0.0,0.0,0.0,,0.0,4,21,0.0,0.0,0.0,0.0
Global Edge Software,3.5,1.0,2.0,0.0,0.0,0.0,0.0,0.0,0.0,0.0,0.0,0.0,0.0,0.0,0.0,,0.0,3,21,0.0,0.0,0.0,0.0
Neuland Labs,5.0,0.0,0.0,0.0,0.0,0.0,0.0,0.0,1.0,0.0,0.0,0.0,0.0,0.0,0.0,,0.0,1,21,0.0,0.0,0.0,0.0
Ryan India MBA,3.3,0.0,0.0,0.0,0.0,0.0,0.0,0.0,0.0,0.0,0.0,0.0,0.0,0.0,0.0,,5.0,5,21,0.0,0.0,0.0,0.0
Accelerize360,6.0,0.0,0.0,0.0,1.0,0.0,0.0,0.0,0.0,0.0,0.0,0.0,0.0,0.0,0.0,,0.0,1,21,0.0,0.0,0.0,0.0
Accelerize360,7.0,0.0,1.0,0.0,1.0,0.0,0.0,0.0,0.0,0.0,0.0,0.0,0.0,0.0,0.0,,0.0,2,21,0.0,0.0,0.0,0.0
Microsoft 2021,43.0,0.0,1.0,0.0,0.0,0.0,0.0,0.0,0.0,0.0,0.0,0.0,0.0,0.0,0.0,,0.0,1,21,0.0,0.0,0.0,0.0
Laksh Semiconductors,3.0,1.0,0.0,0.0,0.0,0.0,0.0,0.0,0.0,0.0,0.0,0.0,0.0,0.0,0.0,,0.0,1,21,0.0,0.0,0.0,0.0
NCR Corporation,8.0,0.0,1.0,0.0,0.0,0.0,0.0,0.0,0.0,0.0,0.0,0.0,0.0,0.0,0.0,,0.0,1,21,0.0,0.0,0.0,0.0
Speed Labs,4.5,0.0,0.0,1.0,0.0,0.0,0.0,0.0,0.0,0.0,0.0,0.0,0.0,0.0,0.0,,1.0,2,21,0.0,0.0,0.0,0.0
Byjus,10.0,3.0,0.0,1.0,0.0,2.0,0.0,0.0,0.0,0.0,0.0,0.0,0.0,0.0,0.0,,0.0,6,21,0.0,0.0,0.0,0.0
Oculotronics Technology,3.6,1.0,1.0,1.0,0.0,0.0,0.0,0.0,0.0,0.0,0.0,0.0,0.0,0.0,0.0,,0.0,3,21,0.0,0.0,0.0,0.0
Bajaj Finance Ltd,2.7,0.0,0.0,0.0,0.0,0.0,0.0,0.0,0.0,0.0,0.0,0.0,0.0,0.0,0.0,,1.0,1,21,0.0,0.0,0.0,0.0
Innovacx Tech Labs Pvt Ltd,4.0,0.0,0.0,0.0,0.0,0.0,0.0,0.0,0.0,0.0,0.0,0.0,0.0,0.0,0.0,,3.0,3,21,0.0,0.0,0.0,0.0
ITC Limited,8.5,0.0,0.0,0.0,0.0,2.0,0.0,0.0,0.0,0.0,0.0,0.0,0.0,0.0,0.0,,0.0,2,21,0.0,0.0,0.0,0.0
Cloud4c,6.0,7.0,0.0,8.0,0.0,2.0,0.0,1.0,0.0,0.0,0.0,0.0,0.0,0.0,0.0,,0.0,18,21,0.0,0.0,0.0,0.0
Orient Cement,4.0,2.0,0.0,0.0,0.0,0.0,0.0,0.0,0.0,0.0,0.0,0.0,0.0,0.0,0.0,,0.0,2,21,0.0,0.0,0.0,0.0
Nupore Filtration Systems Pvt Ltd,3.0,0.0,0.0,0.0,0.0,0.0,0.0,0.0,1.0,1.0,0.0,0.0,0.0,0.0,0.0,,0.0,2,21,0.0,0.0,0.0,0.0
Electronics Arts (EA),15.0,0.0,2.0,0.0,0.0,0.0,0.0,0.0,0.0,0.0,0.0,0.0,0.0,0.0,0.0,,0.0,2,21,0.0,0.0,0.0,0.0
Hyundai Transys R&D,3.4,0.0,0.0,0.0,0.0,5.0,0.0,0.0,0.0,0.0,0.0,0.0,0.0,0.0,0.0,,0.0,5,21,0.0,0.0,0.0,0.0
Sanghi Automotive Pvt Ltd,3.8,0.0,0.0,0.0,0.0,0.0,0.0,0.0,0.0,0.0,0.0,0.0,0.0,0.0,0.0,,1.0,1,21,0.0,0.0,0.0,0.0
Godrej & Boyce Mfg,5.5,0.0,0.0,0.0,0.0,1.0,0.0,0.0,0.0,0.0,0.0,0.0,0.0,0.0,0.0,,0.0,1,21,0.0,0.0,0.0,0.0
Modak Analytics,4.0,11.0,3.0,0.0,2.0,0.0,0.0,0.0,0.0,0.0,0.0,0.0,0.0,0.0,0.0,,0.0,16,21,0.0,0.0,0.0,0.0
IndiaMARTInterMESH Ltd,3.0,0.0,0.0,0.0,0.0,0.0,0.0,0.0,0.0,0.0,0.0,0.0,0.0,0.0,0.0,,1.0,1,21,0.0,0.0,0.0,0.0
Reputation .com,13.2,0.0,4.0,0.0,0.0,0.0,0.0,0.0,0.0,0.0,0.0,0.0,0.0,0.0,0.0,,0.0,4,21,0.0,0.0,0.0,0.0
